id,title,slug,authors,genres,current_min_age,proposed_min_age,reason
6f9f4e60-ab93-4bde-b9c4-d827a9fd73ca,¡Usted es Ortiz!,usted-es-ortiz-pedro-munoz-seca,Pedro Muñoz Seca,Teatro,0,0,Sin categoría erótica ni obra +18 identificada en los metadatos.
e7272416-f647-4a9b-ad71-042ac2794faf,¡Yo acuso!,yo-acuso-zola-emile,Émile Zola,Ensayos,0,0,Sin categoría erótica ni obra +18 identificada en los metadatos.
66a33103-1935-40e2-ae81-a693b16606cf,¿La dama o el tigre?,la-dama-o-el-tigre-frank-richard-stockton,Frank R. Stockton,Cuentos,0,0,Sin categoría erótica ni obra +18 identificada en los metadatos.
1bcb4304-a3a1-454d-acbd-7a225e94fdfc,¿Pueden suceder tales cosas?,pueden-suceder-tales-cosas-bierce-ambrose,Ambrose Bierce,Cuentos,0,0,Sin categoría erótica ni obra +18 identificada en los metadatos.
0c5bc35a-7b9b-44ce-9d62-29da91babde3,(En Busca Del Tiempo Perdido 04) Sodoma y Gomorra,sodoma-y-gomorra-marcel-proust,Marcel Proust,Ficción contemporánea,0,0,Sin categoría erótica ni obra +18 identificada en los metadatos.
904529bf-3f42-445c-8731-1d48f4372928,(en Busca Del Tiempo Perdido 05) La Prisionera,la-prisionera-marcel-proust,Marcel Proust,Ficción contemporánea,0,0,Sin categoría erótica ni obra +18 identificada en los metadatos.
0ba8314d-601e-494b-aa5b-4da290976f0a,(En Busca Del Tiempo Perdido 06) La Fugitiva,la-fugitiva-marcel-proust,Marcel Proust,Ficción contemporánea,0,0,Sin categoría erótica ni obra +18 identificada en los metadatos.
cfb42281-5f09-4518-aa8f-367399c6cc8d,Algunas notas sobre algo que no existe,la-lampara-de-alhazred-h-p-lovecraft,H. P. Lovecraft,Cuentos,0,0,Sin categoría erótica ni obra +18 identificada en los metadatos.
d55f0e3c-5e86-4540-bb6f-b929170231ee,Aventuras de Arthur Gordon Pym,las-aventuras-de-arthur-gordon-pym-allan-poe-edgar,Edgar Allan Poe,Cuentos,0,0,Sin categoría erótica ni obra +18 identificada en los metadatos.
d02a2568-bfc3-4600-9ce4-2bda840a02cc,Cantar de los siete Infantes de Lara,los-siete-infantes-de-lara-anonimo,Autor Desconocido,"Mitos, leyendas y sagas",0,0,Sin categoría erótica ni obra +18 identificada en los metadatos.
b938e4d3-5867-4522-939f-258f6ab16571,Confesiones,las-confesiones-de-san-agustin-agustin-de-hipona,San Agustín,Religión,0,0,Sin categoría erótica ni obra +18 identificada en los metadatos.
816b5a2e-153b-4d63-8034-6404e24a1ac2,Cuentos Clásicos del Norte,la-caida-de-la-casa-usher-allan-poe-edgar,Edgar Allan Poe,Terror,0,0,Sin categoría erótica ni obra +18 identificada en los metadatos.
9e38ceb3-593c-4a2a-839b-6389d54d1619,Cuentos de hadas,las-hadas-charles-perrault,Charles Perrault,Fantasía,0,0,Sin categoría erótica ni obra +18 identificada en los metadatos.
f263849f-883c-435a-a735-d7ef90a51e82,Dramas de Guillermo Shakespeare,las-alegres-comadres-de-windsor-shakespeare-william,William Shakespeare,Teatro,0,0,Sin categoría erótica ni obra +18 identificada en los metadatos.
473eaa76-023a-4722-80bf-3cd0905d2fcb,Dramas: La Esmeralda,la-esmeralda-hugo-victor,Victor Hugo,Teatro,0,0,Sin categoría erótica ni obra +18 identificada en los metadatos.
4b87e11f-428e-4b6f-b6c8-b7a9bb57ed11,Dramas: Lucrecia Borgia,lucrecia-borgia-hugo-victor,Victor Hugo,Teatro,0,0,Sin categoría erótica ni obra +18 identificada en los metadatos.
3744c430-aaec-418f-9b77-fae733513281,El duelo,un-duelo-anton-chejov,Antón Chéjov,Cuentos,0,0,Sin categoría erótica ni obra +18 identificada en los metadatos.
934be434-a05d-484a-bc4d-2976f7d49687,El Enano Saltarín,rumpelstiltskin-el-enano-saltarin-hermanos-grimm,Hermanos Grimm,Cuentos,0,0,Sin categoría erótica ni obra +18 identificada en los metadatos.
8da30fb6-2056-448d-90fb-53a696c1a256,El libro de las mil noches y una noche I,las-mil-y-una-noches-vol-i-anonimo,Anónimo,Cuentos,0,0,Sin categoría erótica ni obra +18 identificada en los metadatos.
b3b65eb1-c20f-4dcf-8604-8c48a5441e62,El libro de las mil noches y una noche II,las-mil-y-una-noches-vol-ii-anonimo,Anónimo,Cuentos,0,0,Sin categoría erótica ni obra +18 identificada en los metadatos.
ce81ea6f-8975-40e9-ab67-86f82195d382,El libro de las mil noches y una noche III,las-mil-y-una-noches-vol-iii-anonimo,Anónimo,Cuentos,0,0,Sin categoría erótica ni obra +18 identificada en los metadatos.
c62bd9fe-4a40-4643-87f0-88f03095fa7f,El pleito matrimonial del cuerpo y el alma,pleito-matrimonial-del-cuerpo-y-alma-calderon-de-la-barca-pedro,Pedro Calderón de la Barca,Teatro,0,0,Sin categoría erótica ni obra +18 identificada en los metadatos.
138872eb-f160-42c1-b5bf-823b3acb5ac3,El primer Alcibíades (o de la naturaleza humana),primer-alcibiades-platon,Platón,Filosofía,0,0,Sin categoría erótica ni obra +18 identificada en los metadatos.
2e496afd-4fed-4a09-91b8-51b56a5f3158,El Talento,el-talento-anton-chejov,Anton Pavlovich Chejov,Cuentos,0,0,Sin categoría erótica ni obra +18 identificada en los metadatos.
2bf8b147-ee57-40d5-b51d-3f864cb88bd0,El Tragico,el-tragico-anton-chejov,Anton Pavlovich Chejov,Cuentos,0,0,Sin categoría erótica ni obra +18 identificada en los metadatos.
a53659b0-924d-4810-9f60-c841ceadcd6d,Evangelio de Santiago,protoevangelio-de-santiago-anonimo,Anónimo,Religión,0,0,Sin categoría erótica ni obra +18 identificada en los metadatos.
94e22959-6d52-4047-b294-9c52dea95086,Fábula de Polifemo y Galatea,fabula-de-polifemo-y-galatea-luis-de-gongora,Luis de Góngora,Poesía,0,0,Sin categoría erótica ni obra +18 identificada en los metadatos.
89dc9326-f051-4d99-9128-4a5b5c292730,Fábulas,fabulas-esopo,Esopo,Cuentos,0,0,Sin categoría erótica ni obra +18 identificada en los metadatos.
fd51dcd5-017d-4c38-a19e-dada804b79a0,Fábulas literarias,fabulas-literarias-tomas-de-iriarte,tomás de iriarte,Cuentos,0,0,Sin categoría erótica ni obra +18 identificada en los metadatos.
fe506122-79a4-4016-80ea-f673aac93e8c,Fantasmagoría,fantasmagoria-carroll-lewis,Lewis Carroll,Ficción contemporánea,0,0,Sin categoría erótica ni obra +18 identificada en los metadatos.
ba53937b-bcea-4da7-a76d-626640872fe7,Fatum e historia,fatum-e-historia-friedrich-nietzsche,Friedrich Nietzsche,Filosofía,0,0,Sin categoría erótica ni obra +18 identificada en los metadatos.
cd179651-9c18-475a-83af-41564d15973e,Feathertop,feathertop-nathaniel-hawthorne,Autor Desconocido,Cuentos,0,0,Sin categoría erótica ni obra +18 identificada en los metadatos.
29a4ad75-f3e5-4c1c-a1b3-992aa6e2c24a,"Fedón, o sobre el alma",fedon-platon,Platón,Filosofía,0,0,Sin categoría erótica ni obra +18 identificada en los metadatos.
f115febd-7430-415a-b01c-29473954acc0,Felicidad,felicidad-katherine-mansfield,Katherine Mansfield,Cuentos,0,0,Sin categoría erótica ni obra +18 identificada en los metadatos.
a70c9379-4dfe-4de1-bd1e-352f46220026,Fernando de Magallanes,fernando-de-magallanes-zweig-stefan,Stefan Zweig,"Biografías, Diarios Y Hechos Reales",0,0,Sin categoría erótica ni obra +18 identificada en los metadatos.
2f139e94-9504-4c01-94b9-181a073eaacf,Fiesta en el jardín,fiesta-en-el-jardin-katherine-mansfield,Katherine Mansfield,Cuentos,0,0,Sin categoría erótica ni obra +18 identificada en los metadatos.
64356658-ee61-418c-a4d9-21114cecb5dd,Filosofícula,filosoficula-leopoldo-lugones,Leopoldo Lugones,Filosofía,0,0,Sin categoría erótica ni obra +18 identificada en los metadatos.
3ab7f2b0-98cd-47ae-b3ba-313370e5f88b,Filotectes,filoctetes-sofocles,Sófocles,Teatro,0,0,Sin categoría erótica ni obra +18 identificada en los metadatos.
ee8f7e80-53f7-422d-8f76-ef6300eac519,Flavio,flavio-rosalia-de-castro,Rosalía de Castro,Ficción clásica,0,0,Sin categoría erótica ni obra +18 identificada en los metadatos.
83812ee2-872f-49d2-a73a-e8b842683e5e,Flores de almendro,flores-de-almendro-ramon-maria-del-valle-inclan,Ramón del Valle Inclán,Cuentos,0,0,Sin categoría erótica ni obra +18 identificada en los metadatos.
2be0f2f4-4dad-4c63-b9e2-c4f4efc2599b,Follas novas,follas-novas-rosalia-de-castro,Rosalía de Castro,Poesía,0,0,Sin categoría erótica ni obra +18 identificada en los metadatos.
cf442e12-002e-4da6-b10b-3945d40b5b5b,Fortunata y Jacinta,fortunata-y-jacinta-benito-perez-galdos,Benito Pérez Galdós,Ficción contemporánea,0,0,Sin categoría erótica ni obra +18 identificada en los metadatos.
1aab7c78-b30e-4313-b3d9-7971e3ddc14d,Frankenstein,frankenstein-mary-shelley,Mary Shelley,Ciencia ficción; Terror,18,18,Se conserva la clasificación existente.
2c09036c-d82a-42d7-af7f-85271e3c136c,Fraternidad,fraternidad-pardo-bazan-emilia,Emilia Pardo Bazán,Cuentos,0,0,Sin categoría erótica ni obra +18 identificada en los metadatos.
d4c068d2-2f02-4b3f-a753-0a375d4d0409,Fuente Ovejuna,fuente-ovejuna-lope-de-vega,Lope de Vega,Teatro,0,0,Sin categoría erótica ni obra +18 identificada en los metadatos.
db84496a-c781-4c6a-b000-09a1cefc3f20,Fundamentación de la metafísica de las costumbres,fundamentacion-de-la-metafisica-de-las-costumbres-immanuel-kant,Immanuel Kant,Filosofía,0,0,Sin categoría erótica ni obra +18 identificada en los metadatos.
2d0c659f-82b9-4073-a91f-f4e7c3fefca3,Gato con botas,gato-con-botas-hermanos-grimm,Hermanos Grimm,Cuentos,0,0,Sin categoría erótica ni obra +18 identificada en los metadatos.
f8d2bc23-744c-4aaf-9238-77f42d5a6070,Geórgicas,georgicas-virgilio,Autor Desconocido,Poesía,0,0,Sin categoría erótica ni obra +18 identificada en los metadatos.
5e04fab8-893b-4a1e-9b7e-82717e1b47e2,Germania,germania-cornelio-tacito,Cornelio Tácito,"Biografías, Diarios Y Hechos Reales",0,0,Sin categoría erótica ni obra +18 identificada en los metadatos.
d96d37a2-bcfd-4a24-806b-e7de90fd3c6b,Gerona,gerona-benito-perez-galdos,Benito Pérez Galdós,Ficción histórica,0,0,Sin categoría erótica ni obra +18 identificada en los metadatos.
1876b54a-c69d-4739-87c1-7580842d4768,Gil Braltar,gil-braltar-verne-julio,Julio Verne,Cuentos,0,0,Sin categoría erótica ni obra +18 identificada en los metadatos.
573eb760-6539-4492-958d-b1cd344ddd8f,Gloria,gloria-benito-perez-galdos,Benito Pérez Galdós,Ficción contemporánea,0,0,Sin categoría erótica ni obra +18 identificada en los metadatos.
604e2bb0-b61c-4187-8252-55f0b67a5c52,Gobseck,gobseck-balzac-honore-de,Honoré de Balzac,Novela corta,0,0,Sin categoría erótica ni obra +18 identificada en los metadatos.
962e5930-9f41-445c-818e-050b5f69ff85,Gorgias,gorgias-platon,Platón,Filosofía,0,0,Sin categoría erótica ni obra +18 identificada en los metadatos.
3b4d1998-bae1-45e2-8ebd-3052def0dc91,Gracias y Desgracias del Ojo del Culo,gracias-y-desgracias-del-ojo-del-culo-de-quevedo-francisco,Francisco de Quevedo y Villegas,Ficción clásica,0,0,Sin categoría erótica ni obra +18 identificada en los metadatos.
8c38e9d2-0674-4604-83ea-4e22b4eefe6a,Gramática Castellana,gramatica-castellana-antonio-de-nebrija,Antonio de Nebrija,,0,0,Sin categoría erótica ni obra +18 identificada en los metadatos.
1a106826-14ed-4d32-bea6-434dd7f4a22d,Grisélida,griselida-charles-perrault,Charles Perrault,Cuentos,0,0,Sin categoría erótica ni obra +18 identificada en los metadatos.
85bde3f4-e039-4705-bdcd-5395ab70aa71,Grito de gloria,grito-de-gloria-eduardo-acevedo-diaz,Eduardo Acevedo Díaz,Ficción contemporánea,0,0,Sin categoría erótica ni obra +18 identificada en los metadatos.
ba6de9ff-12f6-4eb4-b184-44f9065f230e,Guárdate del agua mansa,guardate-del-agua-mansa-calderon-de-la-barca-pedro,Pedro Calderón de la Barca,Teatro,0,0,Sin categoría erótica ni obra +18 identificada en los metadatos.
84425064-5bfb-49ef-a59d-8f95cb9cce24,Guatimozin ultimo emperador de Mejico,guatimozin-ultimo-emperador-de-mejico-gertrudis-gomez-de-avellaneda,Gertrudis Gómez de Avellaneda,Ficción histórica,0,0,Sin categoría erótica ni obra +18 identificada en los metadatos.
d3598e54-d4ac-4f32-a1e3-47f12ee2b0d5,Guillermo Tell,guillermo-tell-schiller-friedrich,Autor Desconocido,Cuentos,0,0,Sin categoría erótica ni obra +18 identificada en los metadatos.
e6ba4a78-7cdb-403f-961c-4a4090ce0329,Hacia el reino de los Sciris,hacia-el-reino-de-los-sciris-cesar-vallejo,César Vallejo,Novela corta,0,0,Sin categoría erótica ni obra +18 identificada en los metadatos.
5015667d-d747-4b0c-a836-3dbaacd4e201,Hadji Murad,hadji-murat-tolstoi-leon,Leon Tolstoi,Novela corta,0,0,Sin categoría erótica ni obra +18 identificada en los metadatos.
bf29b6b3-646e-4b3e-b106-0210fe661a84,Halma,halma-benito-perez-galdos,Benito Pérez Galdós,Ficción clásica,0,0,Sin categoría erótica ni obra +18 identificada en los metadatos.
72cbd825-bc66-4d01-afec-a49845f4132d,Hamlet,hamlet-shakespeare-william,William Shakespeare,Teatro,0,0,Sin categoría erótica ni obra +18 identificada en los metadatos.
d8f8127d-2919-49b4-8f62-79ac588c8d0c,Hamlet y Don Quijote,hamlet-y-don-quijote-ivan-turguenev,Iván Turguénev,Ensayos,0,0,Sin categoría erótica ni obra +18 identificada en los metadatos.
52675cef-e27e-49e3-b8d9-014b0c896f2d,Hans el tonto,hans-el-tonto-hermanos-grimm,Hermanos Grimm,Cuentos,0,0,Sin categoría erótica ni obra +18 identificada en los metadatos.
19a182c2-38a9-4330-b6bc-0106d4316cd1,Hans Pfaall,la-incomparable-aventura-de-un-tal-hans-pfaall-allan-poe-edgar,Edgar Allan Poe,Ciencia ficción,0,0,Sin categoría erótica ni obra +18 identificada en los metadatos.
98ff9bcf-767a-4fba-956e-064176cca6b6,Hansel y Gretel,hansel-y-gretel-hermanos-grimm,Hermanos Grimm,Cuentos,0,0,Sin categoría erótica ni obra +18 identificada en los metadatos.
2ac02f31-7879-42c3-b3ec-2d302bf27746,Hechos tocantes al difunto Arthur Jermyn y su familia,hechos-tocantes-al-difunto-arthur-jermyn-y-su-familia-h-p-lovecraft,H. P. Lovecraft,Terror,0,0,Sin categoría erótica ni obra +18 identificada en los metadatos.
a6e25186-828f-4d05-a5be-7d5683a5d4f2,Héctor Servadac,hector-servadac-verne-julio,Julio Verne,Acción y aventura,0,0,Sin categoría erótica ni obra +18 identificada en los metadatos.
aee16d2e-a355-466a-b585-a35ef3f2bd7b,Hécuba,hecuba-euripides,Euripides,Teatro,0,0,Sin categoría erótica ni obra +18 identificada en los metadatos.
ce6d021b-be4d-4cc2-9263-48a5127167f6,Hedda Gabler,hedda-gabler-henrik-ibsen,Henrik Ibsen,Teatro,0,0,Sin categoría erótica ni obra +18 identificada en los metadatos.
633bcbd7-11f9-46c8-8828-1efabc7774bc,Heidi,heidi-johanna-spyri,Johanna Spyri,Cuentos,0,0,Sin categoría erótica ni obra +18 identificada en los metadatos.
3eb1be5f-39c2-46cb-bc9d-edb8ce0bad47,Herbert West reanimador,herbert-west-reanimador-h-p-lovecraft,H. P. Lovecraft,Terror,0,0,Sin categoría erótica ni obra +18 identificada en los metadatos.
261dd5e9-5054-4e37-984f-4ae234b791d9,Herland,herland-charlotte-perkins-gilman,Charlotte Perkins Gilman,Ciencia ficción,0,0,Sin categoría erótica ni obra +18 identificada en los metadatos.
95e1bfa8-67e7-43c4-9d97-fada5b29c911,Herlock Sholmes llega demasiado tarde,herlock-sholmes-llega-demasiado-tarde-maurice-leblanc,Maurice Leblanc,Cuentos,0,0,Sin categoría erótica ni obra +18 identificada en los metadatos.
ed59506f-8f5e-48a9-8c12-26d3429f406f,Hermann y Dorotea,hermann-y-dorotea-goethe-wolfgang-johann,Goethe,,0,0,Sin categoría erótica ni obra +18 identificada en los metadatos.
ade9fb65-4713-4ae0-ac96-a7681264c10b,Himnos a la Noche,himnos-a-la-noche-novalis,Novalis,Poesía,0,0,Sin categoría erótica ni obra +18 identificada en los metadatos.
999b2aab-6ab3-49f6-8f22-d3cebf348905,Hipias Menor,hipias-menor-platon,Platón,Filosofía,0,0,Sin categoría erótica ni obra +18 identificada en los metadatos.
a752d5c7-2259-4169-a2a0-3a20770ad8fe,Hipno,hipno-h-p-lovecraft,H. P. Lovecraft,Terror,0,0,Sin categoría erótica ni obra +18 identificada en los metadatos.
ebe4440b-d69b-4d8f-9216-7bea5d8827fa,Hipolito,hipolito-euripides,Euripides,Teatro,0,0,Sin categoría erótica ni obra +18 identificada en los metadatos.
5413d981-dae7-4216-994e-42f2644d2246,Historia cómica de los Estados e Imperios del Sol,historia-comica-de-los-estados-e-imperios-del-sol-cyrano-de-bergerac,Cyrano de Bergerac,Ciencia ficción,0,0,Sin categoría erótica ni obra +18 identificada en los metadatos.
96c0eae1-71de-4f9d-a829-610326197cdb,Historia de Aline y Valcour,historia-de-aline-y-valcour-marques-de-sade,Marques de Sade,Ficción erótica,0,18,Categoría editorial de ficción erótica: requiere 18 años o más.
7327584d-d07c-41c4-af05-22794079eabe,Historia de dos cachorros de coatí y de dos cachorros de hombre,historia-de-dos-cachorros-de-coati-y-de-dos-cachorros-de-hombre-horacio-quiroga,Horacio Quiroga,Cuentos,0,0,Sin categoría erótica ni obra +18 identificada en los metadatos.
b1f50f1e-913e-4f04-a76f-ea9e46b9b6be,Historia de dos ciudades,historia-de-dos-ciudades-charles-dickens,Charles Dickens,Ficción histórica,0,0,Sin categoría erótica ni obra +18 identificada en los metadatos.
2d125a09-88bd-4ad8-b23e-3d8deae58cd4,Historia de España,historia-de-espana-marcelino-menendez-pelayo,Marcelino Menéndez y Pelayo,Historia,0,0,Sin categoría erótica ni obra +18 identificada en los metadatos.
b39d6c43-2acb-4b5c-b363-7bf6f9428dab,Historia De La Revolucion Rusa Leon Trotski,historia-de-la-revolucion-rusa-leon-trotski,Autor Desconocido,Historia,0,0,Sin categoría erótica ni obra +18 identificada en los metadatos.
906d7764-f3a9-428c-8a11-dd97194a96ff,"Historia de la vida del Buscón, llamado Don Pablos, ejemplo de vagabundos y espejo de tacaños",la-vida-del-buscon-de-quevedo-francisco,Francisco de Quevedo,Ficción clásica,0,0,Sin categoría erótica ni obra +18 identificada en los metadatos.
1599b4dd-ff4d-4fee-9e89-a896a5cc82b8,Historia de los demonios y de las brujas,historia-de-los-demonios-y-de-las-brujas-walter-scott,Walter Scott,Historia,0,0,Sin categoría erótica ni obra +18 identificada en los metadatos.
9e7cfbea-8ee9-44fd-84bf-6ff0ec091a77,Historia de los grandes viajes y de los grandes viajeros,historia-de-los-grandes-viajes-y-los-grandes-viajeros-verne-julio,Julio Verne,Acción y aventura,0,0,Sin categoría erótica ni obra +18 identificada en los metadatos.
605c716f-f293-476c-a451-1c1268131f85,Historia de los Viajes de Escarmentado,historia-de-los-viajes-de-escarmentado-voltaire,Voltaire,Cuentos,0,0,Sin categoría erótica ni obra +18 identificada en los metadatos.
fbe23d9c-6b3b-4d73-8f17-4998b0447b87,Historia de mi vida,historia-de-mi-vida-anton-chejov,Antón Chéjov,Novela corta,0,0,Sin categoría erótica ni obra +18 identificada en los metadatos.
24f0850a-d7ce-4dce-ad9e-37044f28e1e3,Historia de un amor turbio,historia-de-un-amor-turbio-horacio-quiroga,Horacio Quiroga,Romántica,0,0,Sin categoría erótica ni obra +18 identificada en los metadatos.
d6c62853-7195-4d9d-98ee-1dbbac43ad00,Historia de un Buen Brahmín,historia-de-un-buen-brahmin-voltaire,Voltaire,Cuentos,0,0,Sin categoría erótica ni obra +18 identificada en los metadatos.
93864265-a9c8-45a9-b1a7-daec5127e26a,Historia de una anguila y otras historias,historia-de-una-anguila-y-otras-historias-anton-chejov,Antón Chéjov,Cuentos,0,0,Sin categoría erótica ni obra +18 identificada en los metadatos.
4bc2ed0f-3eb3-4857-abf5-2a94ea0ce1bf,Historia de uno que hizo un viaje para saber lo que era miedo,historia-de-uno-que-hizo-un-viaje-para-saber-lo-que-era-miedo-hermanos-grimm,Hermanos Grimm,Cuentos,0,0,Sin categoría erótica ni obra +18 identificada en los metadatos.
d1c5974c-340a-4f17-a2f8-d8fcdacbdc04,Historia del Abencerraje y la hermosa Jarifa,historia-del-abencerraje-y-la-hermosa-jarifa-antonio-de-villegas,Antonio de Villegas,Cuentos,0,0,Sin categoría erótica ni obra +18 identificada en los metadatos.
c2e24599-5a48-448c-9764-3f228c05a543,Historia del Necronomicón,historia-del-necronomicon-h-p-lovecraft,H. P. Lovecraft,Cuentos,0,0,Sin categoría erótica ni obra +18 identificada en los metadatos.
19ea5b12-be20-4ac0-8d70-763dbb9794c1,Historia Secreta de Isabel de Baviera,la-historia-secreta-de-isabel-de-baviera-marques-de-sade,"Sade, Marqués de",Ficción erótica,0,18,Categoría editorial de ficción erótica: requiere 18 años o más.
c5611be4-c47b-4048-9829-ffd53bcc9802,Historias de fantasmas de un anticuario,historias-de-fantasmas-de-un-anticuario-m-r-james,M. R. James,Cuentos,0,0,Sin categoría erótica ni obra +18 identificada en los metadatos.
40d7dd61-20b8-427e-9291-f4f932a8c723,Hombrecitos,hombrecitos-alcott-louisa-may,Louisa May Alcott,Ficción histórica,0,0,Sin categoría erótica ni obra +18 identificada en los metadatos.
3dc529c5-baed-4a28-b97a-b5ad46f95c0f,Homero y la filología clásica,homero-y-la-filologia-clasica-friedrich-nietzsche,Friedrich Nietzsche,Filosofía,0,0,Sin categoría erótica ni obra +18 identificada en los metadatos.
fc6016de-5566-4113-aaf0-dd872f5d12fc,Honorata de Wan Guld,honorata-de-wan-guld-emilio-salgari,Emilio Salgari,Acción y aventura,0,0,Sin categoría erótica ni obra +18 identificada en los metadatos.
78523723-8192-422d-9386-d8de7c069ccd,Honorina,honorina-balzac-honore-de,Honoré de Balzac,Ficción contemporánea,0,0,Sin categoría erótica ni obra +18 identificada en los metadatos.
df2813f1-29d4-4aa3-bd72-ef32ff072e89,Hop-Frog,hop-frog-allan-poe-edgar,Edgar Allan Poe,Cuentos,0,0,Sin categoría erótica ni obra +18 identificada en los metadatos.
35b3aecf-aae2-43ea-a4a7-f5d73224d69d,Huella de almas,huella-de-almas-francisco-acebal,Francisco Acebal,Novela corta,0,0,Sin categoría erótica ni obra +18 identificada en los metadatos.
93c0d332-6773-47d0-a43a-bb6cb99d584f,Ib y Cristinita,ib-y-cristinita-hans-christian-andersen,Hans Christian Andersen,Cuentos,0,0,Sin categoría erótica ni obra +18 identificada en los metadatos.
e62354a4-ae58-4df8-ac70-8c3f8e3783df,Ibid,ibid-h-p-lovecraft,H. P. Lovecraft,Terror,0,0,Sin categoría erótica ni obra +18 identificada en los metadatos.
d774342b-adcb-4ae4-bc77-81f822009c94,Ibis,ibis-jose-maria-vargas-vila,José María Vargas Vila,Ficción clásica,0,0,Sin categoría erótica ni obra +18 identificada en los metadatos.
d44c67b4-d755-405d-983e-adb8bd0ce84a,Ideal de la humanidad para la vida,ideal-de-la-humanidad-para-la-vida-karl-krause,Karl Krause,Filosofía,0,0,Sin categoría erótica ni obra +18 identificada en los metadatos.
e95021ef-d456-4b37-8196-4b644a3efe53,Idilio en calle Plumet y epopeya en calle Saint-Denis,idilio-en-calle-plumet-y-epopeya-en-calle-saint-denis-hugo-victor,Victor Hugo,Ficción histórica,0,0,Sin categoría erótica ni obra +18 identificada en los metadatos.
b30a98f3-52dd-44c1-b1bb-abca19682464,Igualdad,igualdad-edward-bellamy,Edward Bellamy,Ciencia ficción,0,0,Sin categoría erótica ni obra +18 identificada en los metadatos.
f7862285-f147-4552-8212-8f7bc6573e32,Imitación de Cristo,imitacion-de-cristo-tomas-de-kempis,Tomás de Kempis,Religión,0,0,Sin categoría erótica ni obra +18 identificada en los metadatos.
5aff842d-aeec-416f-972e-33e76718e8fd,Impresiones y paisajes,impresiones-y-paisajes-garcia-lorca-federico,Autor Desconocido,Literatura de viaje,0,0,Sin categoría erótica ni obra +18 identificada en los metadatos.
7119df8d-df32-46bf-bd18-3de50fbbe222,Incidente en el lago Leman,incidente-en-el-lago-leman-zweig-stefan,Stefan Zweig,Cuentos,0,0,Sin categoría erótica ni obra +18 identificada en los metadatos.
acdfc393-ef30-4e7f-8b6e-1e3ae8cb5f1f,Informe para una academia,informe-para-una-academia-kafka-franz,Franz Kafka,Cuentos,0,0,Sin categoría erótica ni obra +18 identificada en los metadatos.
a262984f-1575-4e72-bfd1-64932d5b0a2a,Inquietudes sentimentales,inquietudes-sentimentales-teresa-wilms-montt,Teresa Wilms Montt,Poesía,0,0,Sin categoría erótica ni obra +18 identificada en los metadatos.
0b1ffef0-8399-421c-afff-c908432e9644,Insolación,insolacion-pardo-bazan-emilia,Emilia Pardo Bazán,Novela corta,0,0,Sin categoría erótica ni obra +18 identificada en los metadatos.
940d8245-976e-46c6-ac47-3aecf1a6c4c7,Intenciones,intenciones-wilde-oscar,Oscar Wilde,Ensayos,0,0,Sin categoría erótica ni obra +18 identificada en los metadatos.
4e9325e5-6f72-490f-b668-8df4ceb66f10,Introducción al yoga,introduccion-al-yoga-annie-besant,Annie Besant,,0,0,Sin categoría erótica ni obra +18 identificada en los metadatos.
247a37d3-2346-4fae-a868-b222c8545ec5,Introducción del narcisismo,introduccion-del-narcisismo-sigmund-freud,Sigmund Freud,Psicología,0,0,Sin categoría erótica ni obra +18 identificada en los metadatos.
59cc277d-46f1-42ee-b3b2-e412f04d488f,Investigaciones de un perro,investigaciones-de-un-perro-kafka-franz,Franz Kafka,Cuentos,0,0,Sin categoría erótica ni obra +18 identificada en los metadatos.
96ac58ea-17e7-43cc-af56-256276e982f4,Ión o de la Poesía,ion-platon,Platón,Antologías,0,0,Sin categoría erótica ni obra +18 identificada en los metadatos.
a3d3ea1b-ac26-4d03-a3e2-ada41a6399f8,Ismael,ismael-eduardo-acevedo-diaz,Eduardo Acevedo Díaz,Ficción contemporánea,0,0,Sin categoría erótica ni obra +18 identificada en los metadatos.
1d950d1a-c03e-4140-a104-9034ca05e513,Ivanhoe,ivanhoe-walter-scott,Walter Scott,Ficción histórica,0,0,Sin categoría erótica ni obra +18 identificada en los metadatos.
e4d59259-52a2-48ea-a1ca-6dc7490514ba,Jane Eyre,jane-eyre-bronte-charlotte,Charlotte Brontë,Ficción clásica,0,0,Sin categoría erótica ni obra +18 identificada en los metadatos.
596b8f0c-95df-4149-9563-41b0d8967103,Jarrapellejos,jarrapellejos-felipe-trigo,Felipe Trigo,Ficción clásica,0,0,Sin categoría erótica ni obra +18 identificada en los metadatos.
e0240fbe-ca60-4971-9409-e4b2e4167700,Jean Valjean,jean-valjean-hugo-victor,Victor Hugo,Ficción histórica,0,0,Sin categoría erótica ni obra +18 identificada en los metadatos.
64a57267-c537-4b5a-a502-54df7a28a3f3,Jorinde y Joringel,jorinde-y-joringel-hermanos-grimm,Hermanos Grimm,Cuentos,0,0,Sin categoría erótica ni obra +18 identificada en los metadatos.
682fd5e8-00a5-4a52-aa61-f8d0727c77c6,"Juan Belmonte, matador de toros",juan-belmonte-matador-de-toros-manuel-chaves-nogales,Manuel Chaves Nogales,"Biografías, Diarios Y Hechos Reales",0,0,Sin categoría erótica ni obra +18 identificada en los metadatos.
07db1a02-c981-444e-9898-0f7612034d5f,Juan Darién,juan-darien-horacio-quiroga,Horacio Quiroga,Cuentos,0,0,Sin categoría erótica ni obra +18 identificada en los metadatos.
6aee1481-4560-474c-bd1d-4ea157d9f33e,Juan de Mairena,juan-de-mairena-machado-antonio,Antonio Machado,Ensayos,0,0,Sin categoría erótica ni obra +18 identificada en los metadatos.
21a91bcd-eeb7-403e-844c-25a536aef893,Juan Erizo,juan-erizo-hermanos-grimm,Hermanos Grimm,Cuentos,0,0,Sin categoría erótica ni obra +18 identificada en los metadatos.
c7c9f37e-6ddb-47c6-be42-3475f9d35ed3,Juan Martín el Empecinado,juan-martin-el-empecinado-benito-perez-galdos,Benito Pérez Galdós,Ficción histórica,0,0,Sin categoría erótica ni obra +18 identificada en los metadatos.
f4dc8c8a-6c36-48bb-a69d-45cd99d9f55e,Juanico y Perico,juanico-y-perico-voltaire,Voltaire,Cuentos,0,0,Sin categoría erótica ni obra +18 identificada en los metadatos.
788c9fcb-2e24-4b65-b190-92ac00ebec5e,Juanita la Larga,juanita-la-larga-juan-valera,Juan Valera,Ficción clásica,0,0,Sin categoría erótica ni obra +18 identificada en los metadatos.
41509381-1d5c-426e-8764-c8f528359a48,Juego y teoría del duende,juego-y-teoria-del-duende-garcia-lorca-federico,Federico García Lorca,Ensayos,0,0,Sin categoría erótica ni obra +18 identificada en los metadatos.
eb6051e5-a939-4b0e-905f-ce7b7e8d2cf3,Juguetes de la niñez y travesuras del ingenio,juguetes-de-la-ninez-y-travesuras-del-ingenio-de-quevedo-francisco,Francisco de Quevedo,Cuentos,0,0,Sin categoría erótica ni obra +18 identificada en los metadatos.
07473bf4-ff16-403e-9ed4-38ea06342274,Juliette o las prosperidades del vicio,juliette-o-las-prosperidades-del-vicio-marques-de-sade,Marques de Sade,Ficción erótica,0,18,Categoría editorial de ficción erótica: requiere 18 años o más.
ffff9426-5997-4545-801e-56d5b031d40a,Julio César,julio-cesar-shakespeare-william,William Shakespeare,Teatro,0,0,Sin categoría erótica ni obra +18 identificada en los metadatos.
47bdf513-532e-499d-9674-c80ef67ecb5d,Junto Al Pásig,junto-al-pasig-jose-rizal,José Rizal,Teatro,0,0,Sin categoría erótica ni obra +18 identificada en los metadatos.
9acf1b42-bd56-4788-a6e5-9d94d277c483,"Justine, o los infortunios de la virtud",justine-o-los-infortunios-de-la-virtud-marques-de-sade,"Donatien Alphonse François, Marqués de Sade",Ficción erótica,0,18,Categoría editorial de ficción erótica: requiere 18 años o más.
328a4f42-fb92-43c1-8140-55168c935046,Kappa,kappa-ryunosuke-akutagawa,Ryūnosuke Akutagawa,,0,0,Sin categoría erótica ni obra +18 identificada en los metadatos.
b7a763cd-d529-4b67-a07d-e708b9eb071b,Kashtanka,kashtanka-anton-chejov,Anton Pavlovich Chejov,Cuentos,0,0,Sin categoría erótica ni obra +18 identificada en los metadatos.
abafa7f5-a35e-4cda-bbf1-9c049bf47963,Kidd el Pirata,kidd-el-pirata-washington-irving,Washington Irving,Cuentos,0,0,Sin categoría erótica ni obra +18 identificada en los metadatos.
bae99359-1fb2-404c-a730-dbe15f58a38e,Kim,kim-rudyard-kipling,Rudyard Kipling,Acción y aventura,0,0,Sin categoría erótica ni obra +18 identificada en los metadatos.
d09c10a8-1425-476d-8d7f-e5d00b6d91e7,La abadía de Northanger,la-abadia-de-northanger-jane-austen,Jane Austen,Romántica,0,0,Sin categoría erótica ni obra +18 identificada en los metadatos.
398c672d-09a5-44c9-bfe3-5159879eb285,La abeja haragana,la-abeja-haragana-horacio-quiroga,Horacio Quiroga,Cuentos,0,0,Sin categoría erótica ni obra +18 identificada en los metadatos.
55fa1024-a477-431b-8449-d702039e56f4,La abeja reina,la-abeja-reina-hermanos-grimm,Hermanos Grimm,Cuentos,0,0,Sin categoría erótica ni obra +18 identificada en los metadatos.
431412ae-85ea-446f-b6e0-1946b752b80c,La agonía del cristianismo,la-agonia-del-cristianismo-unamuno-miguel,Miguel de Unamuno,Ensayos,0,0,Sin categoría erótica ni obra +18 identificada en los metadatos.
29c9a149-6317-4e68-af9d-33b8202d02cc,La Ajorca de oro,la-ajorca-de-oro-gustavo-adolfo-becquer,Gustavo Adolfo Bécquer,Ficción contemporánea,0,0,Sin categoría erótica ni obra +18 identificada en los metadatos.
9fbf8a38-cbd1-4ad1-a8ab-7c6e54ba6203,La Aldea Perdida,la-aldea-perdida-armando-palacio-valdes,Armando Palacio Valdés,Ficción clásica,0,0,Sin categoría erótica ni obra +18 identificada en los metadatos.
285e45f0-0578-400f-a7d0-8c89c50182da,La alegría del capitán Ribot,la-alegria-del-capitan-ribot-armando-palacio-valdes,Armando Palacio Valdés,Novela corta,0,0,Sin categoría erótica ni obra +18 identificada en los metadatos.
bd3f13fa-70f6-443c-b348-1c1a2db86870,La alondra cantarina y saltarina,la-alondra-cantarina-y-saltarina-hermanos-grimm,Hermanos Grimm,Cuentos,0,0,Sin categoría erótica ni obra +18 identificada en los metadatos.
7a491c9c-e5ec-40be-8834-2cecda006e1a,La Alpujarra,la-alpujarra-de-alarcon-pedro-antonio,Pedro Antonio de Alarcón,Literatura de viaje,0,0,Sin categoría erótica ni obra +18 identificada en los metadatos.
a4b93f4a-0fad-4707-a576-4b76876d3cb4,La amada inmóvil,la-amada-inmovil-amado-nervo,Amado Nervo,Poesía,0,0,Sin categoría erótica ni obra +18 identificada en los metadatos.
f7f5d7d1-dd4a-4016-b1c7-3594c78a3cc5,La Andriana,la-andriana-terencio,Terencio,Teatro,0,0,Sin categoría erótica ni obra +18 identificada en los metadatos.
a01f916f-e2b0-44b3-8b37-b108f7e2eb14,La Araucana,la-araucana-alonso-de-ercilla,Alonso de Ercilla,Poesía,0,0,Sin categoría erótica ni obra +18 identificada en los metadatos.
054478bd-50fa-4ce7-8475-f8da176d48e9,La aurora en Copacabana,la-aurora-en-copacabana-calderon-de-la-barca-pedro,Pedro Calderón de la Barca,Teatro,0,0,Sin categoría erótica ni obra +18 identificada en los metadatos.
5561b775-efc5-4608-82ce-e9649e12a5ae,La aventura de Peter el Negro,la-aventura-de-peter-el-negro-conan-doyle-arthur,Arthur Conan Doyle,,0,0,Sin categoría erótica ni obra +18 identificada en los metadatos.
4cca107d-1c0a-421c-8c16-05f6fba9d6b8,La aventura del jorobado,la-aventura-del-jorobado-conan-doyle-arthur,Arthur Conan Doyle,Cuentos,0,0,Sin categoría erótica ni obra +18 identificada en los metadatos.
18d2d0d5-39e5-4a96-8a27-a8cd9977f845,La aventura del negro pescador,la-aventura-del-negro-pescador-washington-irving,Washington Irving,Cuentos,0,0,Sin categoría erótica ni obra +18 identificada en los metadatos.
3eb4da04-075e-4146-9413-e1fe0c2b4544,La banda de lunares,la-banda-de-lunares-conan-doyle-arthur,Arthur Conan Doyle,Novela corta,0,0,Sin categoría erótica ni obra +18 identificada en los metadatos.
ccf396a1-dc83-4438-9ee2-3a2a89b793f6,La Barraca,la-barraca-vicente-blasco-ibanez,Vicente Blasco Ibáñez,Novela corta,0,0,Sin categoría erótica ni obra +18 identificada en los metadatos.
99754d0d-5cb4-489a-bc61-e3e354e679b7,La batalla de los Arapiles,la-batalla-de-los-arapiles-benito-perez-galdos,B. Pérez Galdós,Ficción histórica,0,0,Sin categoría erótica ni obra +18 identificada en los metadatos.
79433056-b81d-4e7e-b8cc-aeff46d9dcad,La Batracomiomaquia,la-batracomiomaquia-homero,Homero,,0,0,Sin categoría erótica ni obra +18 identificada en los metadatos.
d15b6ea2-725d-43b6-a60c-72e4f6977674,La Bella Durmiente,la-bella-durmiente-hermanos-grimm,Hermanos Grimm,Cuentos,0,0,Sin categoría erótica ni obra +18 identificada en los metadatos.
b0eca7cd-c9ae-4c7a-8304-d35c8b1997e1,La bella y la bestia,la-bella-y-la-bestia-jeanne-marie-leprince-de-beaumont,Jeanne-Marie Leprince de Beaumont,Fantasía,0,0,Sin categoría erótica ni obra +18 identificada en los metadatos.
4ee8ec7f-e108-4922-aec0-63800feef021,La bestia en la cueva,la-bestia-en-la-cueva-h-p-lovecraft,H. P. Lovecraft,Terror,0,0,Sin categoría erótica ni obra +18 identificada en los metadatos.
3787504a-0d82-4978-8625-b841fdc0e39a,La Biblia Gaucha,la-biblia-gaucha-javier-de-viana,Javier de Viana,Cuentos,0,0,Sin categoría erótica ni obra +18 identificada en los metadatos.
a81b0125-0199-425c-9523-0b056648dd22,La bodega,la-bodega-vicente-blasco-ibanez,Vicente Blasco Ibáñez,Ficción clásica,0,0,Sin categoría erótica ni obra +18 identificada en los metadatos.
c362d94a-e39d-443f-b4be-9278e5e5413d,La bola de cristal,la-bola-de-cristal-hermanos-grimm,Hermanos Grimm,Cuentos,0,0,Sin categoría erótica ni obra +18 identificada en los metadatos.
265d47f8-29cb-4480-946b-a2cffb1f8cc1,La bola de nieve,la-bola-de-nieve-alejandro-dumas-padre,Alejandro Dumas,Ficción clásica,0,0,Sin categoría erótica ni obra +18 identificada en los metadatos.
f844e13c-e271-4785-af6d-2b52603c467f,La bolsa de huesos,la-bolsa-de-huesos-eduardo-ladislao-holmberg,Eduardo Ladislao Holmberg,"Policíaca, negra y suspense",0,0,Sin categoría erótica ni obra +18 identificada en los metadatos.
3fa7987c-9265-4f85-9fbb-f361acbe7415,La botellita de cristal,la-botellita-de-cristal-h-p-lovecraft,H. P. Lovecraft,Cuentos,0,0,Sin categoría erótica ni obra +18 identificada en los metadatos.
a60607e2-a6aa-4856-a727-0713d6919cae,"La brizna de paja, la brasa y la judía verde se van de viaje",la-brizna-de-paja-la-brasa-y-la-judia-verde-se-van-de-viaje-hermanos-grimm,Hermanos Grimm,Cuentos,0,0,Sin categoría erótica ni obra +18 identificada en los metadatos.
968826cb-016f-46d5-91eb-77f464d3cde6,La bruja Baba Yaga,la-bruja-baba-yaga-aleksandr-afanasiev,Aleksandr Afanásiev,Cuentos,0,0,Sin categoría erótica ni obra +18 identificada en los metadatos.
9aafdab2-70fe-43b9-a901-036b1348f065,La búsqueda de Iranon,la-busqueda-de-iranon-h-p-lovecraft,H. P. Lovecraft,Cuentos,0,0,Sin categoría erótica ni obra +18 identificada en los metadatos.
03d9c1c7-fc25-482a-b5bb-eec2558ae25f,La Búsqueda del Absoluto,la-busca-del-absoluto-balzac-honore-de,Honoré de Balzac,Ficción clásica,0,0,Sin categoría erótica ni obra +18 identificada en los metadatos.
f7f4ad3b-b8c6-4002-8928-b96c949f27d4,La búsqueda en sueños de la ignota Kadath,la-busqueda-en-suenos-de-la-ignota-kadath-h-p-lovecraft,H. P. Lovecraft,Terror,0,0,Sin categoría erótica ni obra +18 identificada en los metadatos.
8c399731-f215-4cf7-9286-0cc8572472ee,La cabaña del Tio Tom,la-cabana-del-tio-tom-harriet-beecher-stowe,Harriet Beecher Stowe,Ficción contemporánea,0,0,Sin categoría erótica ni obra +18 identificada en los metadatos.
e6c5dff9-6cfa-4903-a869-94b097660bd9,La caja de cartón,la-caja-de-carton-conan-doyle-arthur,Arthur Conan Doyle,Novela corta,0,0,Sin categoría erótica ni obra +18 identificada en los metadatos.
441eeab3-704a-4103-bdda-40cfc47e39ee,La caja equivocada,la-caja-equivocada-robert-louis-stevenson,Robert Louis Stevenson,Acción y aventura,0,0,Sin categoría erótica ni obra +18 identificada en los metadatos.
b1d366f0-5ba9-4573-9cf6-4391bb6d940a,La caja fuerte de la señora Imbert,la-caja-fuerte-de-la-senora-imbert-maurice-leblanc,Maurice Leblanc,Cuentos,0,0,Sin categoría erótica ni obra +18 identificada en los metadatos.
b591213d-a378-4bee-9a5b-6d1f6871f0bc,La caja oblonga,la-caja-oblonga-allan-poe-edgar,Edgar Allan Poe,Cuentos,0,0,Sin categoría erótica ni obra +18 identificada en los metadatos.
811cfde2-08ce-43aa-afbb-1e866dcc30dc,La calle,la-calle-h-p-lovecraft,H. P. Lovecraft,Terror,0,0,Sin categoría erótica ni obra +18 identificada en los metadatos.
6ca2f3cc-bbf4-4fae-af8c-d677a9615dee,La canción de oro,la-cancion-de-oro-ruben-dario,Rubén Darío,Poesía,0,0,Sin categoría erótica ni obra +18 identificada en los metadatos.
6981b9c7-be66-42a9-842d-c6c27053a191,La carrera de Catalina,la-carrera-de-catalina-elinor-glyn,Elinor Glyn,Novela corta,0,0,Sin categoría erótica ni obra +18 identificada en los metadatos.
015d8f3e-ffb8-443e-8c3b-a637fb619df1,La carta robada,la-carta-robada-allan-poe-edgar,Edgar Allan Poe,Cuentos,0,0,Sin categoría erótica ni obra +18 identificada en los metadatos.
d86c38fd-def0-42f7-9517-c0f524f8e15d,La Cartera,la-cartera-rafael-barrett,Rafael Barrett,Cuentos,0,0,Sin categoría erótica ni obra +18 identificada en los metadatos.
4024af66-4ffc-47eb-820e-f8d1ad563e4d,La casa de Bernarda Alba,la-casa-de-bernarda-alba-garcia-lorca-federico,Autor Desconocido,Teatro,0,0,Sin categoría erótica ni obra +18 identificada en los metadatos.
d18af7c0-6dc7-4a03-a927-5a4ab40ae8b9,La casa de huéspedes,la-casa-de-huespedes-james-joyce,James Joyce,Cuentos,0,0,Sin categoría erótica ni obra +18 identificada en los metadatos.
c7b8f880-feb7-4be1-8473-ab4758015021,La casa de los celos,la-casa-de-los-celos-cervantes-miguel,Miguel de Cervantes,Teatro,0,0,Sin categoría erótica ni obra +18 identificada en los metadatos.
cdc167ac-a9bc-4dce-a73a-5dd374b68e73,La casa de Mapuhi,la-casa-de-mapuhi-jack-london,Jack London,Cuentos,0,0,Sin categoría erótica ni obra +18 identificada en los metadatos.
aa6d2785-cf5e-4185-9b10-bdd98fda62cf,La casa de muñecas,la-casa-de-munecas-rosario-de-acuna,Rosario de Acuña,Cuentos,0,0,Sin categoría erótica ni obra +18 identificada en los metadatos.
473c60cb-b0b9-43c1-9fec-bc165153b023,La casa de peaje,la-casa-de-peaje-w-w-jacobs,W. W. Jacobs,Terror,0,0,Sin categoría erótica ni obra +18 identificada en los metadatos.
21cbb1db-12b4-42ab-9e91-bcb009fa042b,La casa de Shakespeare,la-casa-de-shakespeare-benito-perez-galdos,Benito Pérez Galdós,Literatura de viaje,0,0,Sin categoría erótica ni obra +18 identificada en los metadatos.
9180d26a-f8a9-4112-a944-0bfb243f078c,La casa del Juez,la-casa-del-juez-stoker-bram,Bram Stoker,Terror,0,0,Sin categoría erótica ni obra +18 identificada en los metadatos.
77836a56-239a-429e-949a-c1c72f034e71,La casa del páramo,la-casa-del-paramo-elisabeth-gaskell,Elizabeth Gaskell,Ficción clásica,0,0,Sin categoría erótica ni obra +18 identificada en los metadatos.
9a5e6eb6-848d-482c-82eb-fcf34b7d0173,La casa deshabitada,la-casa-deshabitada-conan-doyle-arthur,Conan Doyle,Novela corta,0,0,Sin categoría erótica ni obra +18 identificada en los metadatos.
faa7dc41-df78-44ce-a28f-f1e47d6e80a6,La casa encantada,la-casa-encantada-charles-dickens,Charles Dickens,Cuentos,0,0,Sin categoría erótica ni obra +18 identificada en los metadatos.
fdcaed37-30e2-4ffa-9b82-1198bf6e64bc,La casa encantada y otros cuentos,la-casa-encantada-y-otros-cuentos-woolf-virginia,Virginia Woolf,Cuentos,0,0,Sin categoría erótica ni obra +18 identificada en los metadatos.
61513e97-d21a-42c5-aaaa-b8944f9cf171,La casa Nucingen,la-casa-nucingen-balzac-honore-de,Honoré de Balzac,Ensayos,0,0,Sin categoría erótica ni obra +18 identificada en los metadatos.
f75d0478-de6e-4312-9358-6e857ea5cc13,La casa Tellier,la-casa-tellier-guy-de-maupassant,Guy de Maupassant,Cuentos,0,0,Sin categoría erótica ni obra +18 identificada en los metadatos.
181f8dcc-3a6b-4fd3-91fc-19d13ebf6528,La catacumbra nueva,la-catacumba-nueva-conan-doyle-arthur,Arthur Conan Doyle,Terror,0,0,Sin categoría erótica ni obra +18 identificada en los metadatos.
df4df949-46e8-4a91-b2df-16cce015a150,La catedral,la-catedral-vicente-blasco-ibanez,Autor Desconocido,Novela corta,0,0,Sin categoría erótica ni obra +18 identificada en los metadatos.
a3c66bdc-5d9e-4630-b406-c8af51250a52,La cautiva,la-cautiva-esteban-echeverria,Estevan echeverria,Poesía,0,0,Sin categoría erótica ni obra +18 identificada en los metadatos.
0c27ea04-a022-4f35-a799-d1eb172195e4,La caza del meteoro,la-caza-del-meteoro-verne-julio,Julio Verne,Acción y aventura,0,0,Sin categoría erótica ni obra +18 identificada en los metadatos.
5c747949-f9cd-4e5c-9084-9bd616d8ee4e,La caza del Snark,la-caza-del-snark-carroll-lewis,Lewis Carroll,Fantasía,0,0,Sin categoría erótica ni obra +18 identificada en los metadatos.
2b5bda21-da05-4dd7-9feb-5f00db85ba31,La célebre rana saltarina del distrito de Calaveras,la-celebre-rana-saltarina-del-distrito-de-calaveras-mark-twain,Mark Twain,Cuentos,0,0,Sin categoría erótica ni obra +18 identificada en los metadatos.
66dad1b8-f30d-4564-a511-d8087ebf8dc1,La celestina,la-celestina-fernando-de-rojas,Fernando de Rojas,Ficción clásica,0,0,Sin categoría erótica ni obra +18 identificada en los metadatos.
2cd28836-b2b3-48db-8def-5c0aee954b91,La cenicienta,la-cenicienta-hermanos-grimm,Hermanos Grimm,Cuentos,0,0,Sin categoría erótica ni obra +18 identificada en los metadatos.
3b4f7e41-bd7d-434a-964a-d774f828d0b8,La chica invisible,la-chica-invisible-mary-shelley,Mary Shelley,Cuentos,0,0,Sin categoría erótica ni obra +18 identificada en los metadatos.
74fbc48b-4e47-496b-8ac3-b8ea1544932c,La chusma,la-chusma-hermanos-grimm,Hermanos Grimm,Cuentos,0,0,Sin categoría erótica ni obra +18 identificada en los metadatos.
5b3931ef-3e91-4d5a-96cc-d2700b529428,La Ciencia de estar bien,la-ciencia-de-estar-bien-wallace-wattles,Wallace Wattles,Autoayuda Y Superación Personal,0,0,Sin categoría erótica ni obra +18 identificada en los metadatos.
93761856-83fe-4515-9b34-a4640fee6bae,La ciencia de hacerse rico,la-ciencia-de-hacerse-rico-wallace-wattles,Wallace Wattles,Autoayuda Y Superación Personal,0,0,Sin categoría erótica ni obra +18 identificada en los metadatos.
15cd4453-d79f-498b-ae4c-93b343315ed4,La cita,la-cita-allan-poe-edgar,Edgar Allan Poe,Cuentos,0,0,Sin categoría erótica ni obra +18 identificada en los metadatos.
0302b5a0-4ba7-4fb9-ae78-6895e1e9744c,La Cita,la-cita-pardo-bazan-emilia,Emilia Pardo Bazán,Cuentos,0,0,Sin categoría erótica ni obra +18 identificada en los metadatos.
0ccea75b-08b3-4795-9863-ea9c50374899,La ciudad de Dios,la-ciudad-de-dios-agustin-de-hipona,Agustín de Hipona,Religión,0,0,Sin categoría erótica ni obra +18 identificada en los metadatos.
661c839c-d92b-4484-a1e2-06be1a4a2e15,La ciudad de las calaveras,la-ciudad-de-las-calaveras-robert-e-howard,Robert Ervin Howard,Acción y aventura,0,0,Sin categoría erótica ni obra +18 identificada en los metadatos.
564ac8e0-22d0-4eed-8ef3-4625aef6a203,La Ciudad de los Tísicos,la-ciudad-de-los-tisicos-abraham-valdelomar,Abraham Valdelomar,Novela corta,0,0,Sin categoría erótica ni obra +18 identificada en los metadatos.
10c7f496-87f9-402e-a733-d326e6f6994a,La ciudad sin nombre,la-ciudad-sin-nombre-h-p-lovecraft,H. P. Lovecraft,Cuentos,0,0,Sin categoría erótica ni obra +18 identificada en los metadatos.
90333ecb-4931-4f37-a5db-0279675fda93,La ciudadela escarlata,la-ciudadela-escarlata-robert-e-howard,Robert E Howard,Acción y aventura,0,0,Sin categoría erótica ni obra +18 identificada en los metadatos.
d65c3076-a596-4d02-a6c1-b406a7618b2a,La Comedia de las Equivocaciones,la-comedia-de-las-equivocaciones-shakespeare-william,William Shakespeare,Teatro,0,0,Sin categoría erótica ni obra +18 identificada en los metadatos.
29dc01da-c570-4011-aabf-456c6d66f164,La comedia nueva,la-comedia-nueva-leandro-fernandez-de-moratin,Leandro Fernández de Moratín,Teatro,0,0,Sin categoría erótica ni obra +18 identificada en los metadatos.
c1f1c80b-d445-45b8-9745-26d84b05b630,La condena,la-condena-kafka-franz,Franz Kafka,Cuentos,0,0,Sin categoría erótica ni obra +18 identificada en los metadatos.
84602527-ac49-4d1d-a161-ea359e93d9ab,La condenada,la-condenada-vicente-blasco-ibanez,Vicente Blasco Ibáñez,Cuentos,0,0,Sin categoría erótica ni obra +18 identificada en los metadatos.
91ce1a9a-867f-46ab-8d62-d43dddfe8952,"La corbeta ""Gloria Scott""",la-corbeta-gloria-scott-conan-doyle-arthur,Arthur Conan Doyle,,0,0,Sin categoría erótica ni obra +18 identificada en los metadatos.
6f6e433a-b082-4bf0-834b-4eedd3bf476e,La corte de Carlos IV,la-corte-de-carlos-iv-benito-perez-galdos,Benito Pérez Galdós,Ficción histórica,0,0,Sin categoría erótica ni obra +18 identificada en los metadatos.
e9a7668b-7a0c-40c3-9b31-e8a861706665,La corza blanca,la-corza-blanca-gustavo-adolfo-becquer,Gustavo Adolfo Bécquer,Cuentos,0,0,Sin categoría erótica ni obra +18 identificada en los metadatos.
8be799cb-642f-4012-9ac4-e3e13130811c,La cosa en el umbral,la-cosa-en-el-umbral-h-p-lovecraft,H. P. Lovecraft,Terror,0,0,Sin categoría erótica ni obra +18 identificada en los metadatos.
c80e4beb-3d0c-45f4-8403-70d6eb62ae69,La cruz azul,la-cruz-azul-g-k-chesterton,G.  K.  Chesterton,Cuentos,0,0,Sin categoría erótica ni obra +18 identificada en los metadatos.
cee3bc9b-7172-4fb1-9ec5-1e640fea47d8,La cruz del Diablo,la-cruz-del-diablo-gustavo-adolfo-becquer,Gustavo Adolfo Bécquer,Terror,0,0,Sin categoría erótica ni obra +18 identificada en los metadatos.
946013e2-406a-4e7b-a930-ff7d7375e1b6,La cuestión palpitante,la-cuestion-palpitante-pardo-bazan-emilia,Emilia Pardo Bazán,Ficción clásica,0,0,Sin categoría erótica ni obra +18 identificada en los metadatos.
8f407f52-6bba-4ec9-b8ea-1f3d0d482a37,La cueva de Salamanca,la-cueva-de-salamanca-cervantes-miguel,Miguel de Cervantes,Teatro,0,0,Sin categoría erótica ni obra +18 identificada en los metadatos.
c7326d4a-b78e-4f87-b51e-82b98577ebf7,La dama boba,la-dama-boba-lope-de-vega,Lope de Vega,Teatro,0,0,Sin categoría erótica ni obra +18 identificada en los metadatos.
54d453cb-466f-4a2f-a600-cf7bcfdf2192,La dama de las camelias,la-dama-de-las-camelias-alejandro-dumas-hijo,Alexandre Dumas,Ficción clásica,0,0,Sin categoría erótica ni obra +18 identificada en los metadatos.
6de7d977-3f08-4e6e-8601-be94f3eff6f6,La dama de Monsoreau,la-dama-de-monsoreau-alejandro-dumas-padre,Alejandro Dumas,Ficción clásica,0,0,Sin categoría erótica ni obra +18 identificada en los metadatos.
fd044d68-7bf4-45f1-a6d0-ab558ee7ff81,La dama de picas,la-dama-de-picas-aleksandr-pushkin,Aleksandr Pushkin,Cuentos,0,0,Sin categoría erótica ni obra +18 identificada en los metadatos.
e0a43c4a-2a55-48fd-9e2d-f133e574adbe,La dama duende,la-dama-duende-calderon-de-la-barca-pedro,Pedro Calderón de la Barca,Teatro,0,0,Sin categoría erótica ni obra +18 identificada en los metadatos.
595f8063-de25-4997-b917-ef5922512c0e,La dama joven,la-dama-joven-pardo-bazan-emilia,condesa de Emilia Pardo Bazán,Ficción clásica,0,0,Sin categoría erótica ni obra +18 identificada en los metadatos.
46a4594c-9087-4e80-b729-1b7c8cae4786,La dama pálida,la-dama-palida-alejandro-dumas-padre,Alejandro Dumas,Terror,0,0,Sin categoría erótica ni obra +18 identificada en los metadatos.
d3d3e006-02a8-4119-a06f-f4748c88c623,La de Bringas,la-de-bringas-benito-perez-galdos,Benito Pérez Galdós,Ficción clásica,0,0,Sin categoría erótica ni obra +18 identificada en los metadatos.
2e38fa3b-4a8c-4122-83ca-32571ab30d26,La de los tristes destinos,la-de-los-tristes-destinos-benito-perez-galdos,Benito Pérez Galdós,Ficción histórica,0,0,Sin categoría erótica ni obra +18 identificada en los metadatos.
8c8c7479-1c02-4209-aa04-861f917cfe83,La derrota de los pedantes,la-derrota-de-los-pedantes-leandro-fernandez-de-moratin,Leandro Fernández de Moratín,Sátira,0,0,Sin categoría erótica ni obra +18 identificada en los metadatos.
1b29696c-6768-401f-8224-4d71a5d6b18b,La desheredada,la-desheredada-benito-perez-galdos,Benito Pérez Galdós,Ficción histórica,0,0,Sin categoría erótica ni obra +18 identificada en los metadatos.
18729964-3ed9-43f5-a3ee-b1598df0d823,La detención de Arsenio Lupin,la-detencion-de-arsenio-lupin-maurice-leblanc,Maurice Leblanc,,0,0,Sin categoría erótica ni obra +18 identificada en los metadatos.
a54907b3-02cb-4b71-903e-33a74c2f0876,La diadema de berilos,la-diadema-de-berilos-conan-doyle-arthur,Arthur Conan Doyle,Novela corta,0,0,Sin categoría erótica ni obra +18 identificada en los metadatos.
0aed8873-76b9-48e5-8bff-a9cb61d17441,La Divina Comedia,la-divina-comedia-dante-alighieri,Dante Alighieri,Poesía,0,0,Sin categoría erótica ni obra +18 identificada en los metadatos.
fbcd27e9-de90-4eab-be61-47097060aeb1,"La doncella, el marinero y el estudiante",la-doncella-el-marinero-y-el-estudiante-garcia-lorca-federico,Federico García Lorca,Teatro,0,0,Sin categoría erótica ni obra +18 identificada en los metadatos.
a258c4fb-5540-459b-b006-c9af88ab1060,La Dorotea,la-dorotea-lope-de-vega,Lope de Vega,Ficción clásica,0,0,Sin categoría erótica ni obra +18 identificada en los metadatos.
32386f86-d933-4a4a-82b5-3d510fe4d5e1,La Duquesa y el Joyero,la-duquesa-y-el-joyero-woolf-virginia,Virginia Woolf,Novela corta,0,0,Sin categoría erótica ni obra +18 identificada en los metadatos.
101db237-c215-4696-a944-f5daa9692ba3,La durmiente,la-durmiente-allan-poe-edgar,Edgar Allan Poe,Cuentos,0,0,Sin categoría erótica ni obra +18 identificada en los metadatos.
9a02dcaf-27f7-44f2-8d00-e57e4f085e7a,La edad de la inocencia,la-edad-de-la-inocencia-edith-wharton,Edith Wharton,Romántica,0,0,Sin categoría erótica ni obra +18 identificada en los metadatos.
826a0f2f-1fe6-4b04-b0c1-92486943483e,La educación de la mujer,la-educacion-de-la-mujer-concepcion-arenal,Concepción Arenal,Novela corta,0,0,Sin categoría erótica ni obra +18 identificada en los metadatos.
5460f2f7-5064-49d7-9a82-c6cfddfb153c,La educación sentimental,la-educacion-sentimental-gustave-flaubert,Gustave Flaubert,Novela corta,0,0,Sin categoría erótica ni obra +18 identificada en los metadatos.
36ea252e-899f-43b4-a730-f860f4f6c955,La elección de los alcaldes de Daganzo,la-eleccion-de-los-alcaldes-de-daganzo-cervantes-miguel,Miguel de Cervantes,Teatro,0,0,Sin categoría erótica ni obra +18 identificada en los metadatos.
aebaa4d3-24c7-4fd3-9975-55b5127378d7,La enfermedad mortal,la-enfermedad-mortal-kierkegaard-soren,Soren Kierkegaard,Filosofía,0,0,Sin categoría erótica ni obra +18 identificada en los metadatos.
a78f2a3e-10bd-45e1-913a-be3db2c3b40c,La entretenida,la-entretenida-cervantes-miguel,Miguel de Cervantes,Teatro,0,0,Sin categoría erótica ni obra +18 identificada en los metadatos.
a9c3cc09-8436-4c98-8ff7-d883abdb55d8,La Escuela de los Maridos,la-escuela-de-los-maridos-moliere,Molière,Teatro,0,0,Sin categoría erótica ni obra +18 identificada en los metadatos.
a6b683f1-5e7a-4e31-99d0-1adcd2c02664,La esencia del cristianismo,la-esencia-del-cristianismo-ludwig-feuerbach,Ludwing Feuerbach,Filosofía,0,0,Sin categoría erótica ni obra +18 identificada en los metadatos.
0d579738-0c9d-4c03-adf1-9227eaa72b38,La esfinge,la-esfinge-allan-poe-edgar,Edgar Allan Poe,Cuentos,0,0,Sin categoría erótica ni obra +18 identificada en los metadatos.
e3d542f8-00ea-44fb-bd86-b473ad8d2a35,La esfinge de los hielos,la-esfinge-de-los-hielos-verne-julio,Julio Verne,Acción y aventura,0,0,Sin categoría erótica ni obra +18 identificada en los metadatos.
53913745-0663-49ea-ba16-ed02558852b5,La esfinge sin secreto,la-esfinge-sin-secreto-wilde-oscar,Oscar Wilde,Cuentos,0,0,Sin categoría erótica ni obra +18 identificada en los metadatos.
ee1f20ef-f3e4-4c4a-bea9-074123e4c75d,La española inglesa,la-espanola-inglesa-cervantes-miguel,Miguel de Cervantes,Novela corta,0,0,Sin categoría erótica ni obra +18 identificada en los metadatos.
acc6dd63-83dc-45c8-b59f-aaec70835842,La Estatua de Sal,la-estatua-de-sal-leopoldo-lugones,Leopoldo Lugones,Fantasía,0,0,Sin categoría erótica ni obra +18 identificada en los metadatos.
661b1a5f-a419-4472-b26d-71e24d935b47,La estrella sobre el bosque,la-estrella-sobre-el-bosque-zweig-stefan,Stefan Zweig,Cuentos,0,0,Sin categoría erótica ni obra +18 identificada en los metadatos.
bd0c2978-4773-48c8-9f49-0043c83697b1,La Experiencia,la-experiencia-jose-echegaray,José Echegaray,Cuentos,0,0,Sin categoría erótica ni obra +18 identificada en los metadatos.
695f0fbf-5824-4a39-b27a-9acab8e2253d,La extraña casa en la niebla,la-extrana-casa-elevada-entre-la-niebla-h-p-lovecraft,H. P. Lovecraft,Terror,0,0,Sin categoría erótica ni obra +18 identificada en los metadatos.
a50de431-893b-418a-9425-9f638c6bc2a1,La familia de Alvareda,la-familia-de-alvareda-fernan-caballero,Fernan Caballero,Ficción clásica,0,0,Sin categoría erótica ni obra +18 identificada en los metadatos.
7432ad9e-5644-4cba-a728-649f0d58ee5f,La familia de Doctor Pedraza,la-familia-de-doctor-pedraza-vicente-blasco-ibanez,Vicente Blasco Ibáñez,Novela corta,0,0,Sin categoría erótica ni obra +18 identificada en los metadatos.
4d1a22c8-ce77-4d63-a166-2563cb327c45,La Fanfarlo,la-fanfarlo-baudelaire-charles,Charles Baudelaire,Cuentos,0,0,Sin categoría erótica ni obra +18 identificada en los metadatos.
04262df3-7c00-4101-b276-dcf00d33bc1b,La fe,la-fe-unamuno-miguel,Miguel de Unamuno,Ensayos,0,0,Sin categoría erótica ni obra +18 identificada en los metadatos.
718accfb-4c71-40ee-803e-7f6eedaecd4e,La feria de Sorochinetz,la-feria-de-sorochinets-nikolai-gogol,Nikolai Gogol,Teatro,0,0,Sin categoría erótica ni obra +18 identificada en los metadatos.
02b73a49-e550-407b-8168-8e8886205b96,La filosofía en la época trágica de los griegos,la-filosofia-en-la-epoca-tragica-de-los-griegos-friedrich-nietzsche,Friedrich Nietzsche,Filosofía,0,0,Sin categoría erótica ni obra +18 identificada en los metadatos.
9040f151-7b67-43d6-a284-92703e2b0656,La flecha negra,la-flecha-negra-robert-louis-stevenson,Robert Louis Stevenson,Ficción histórica,0,0,Sin categoría erótica ni obra +18 identificada en los metadatos.
cbb94ef6-c181-4920-b88d-2e62f53bd175,La Flor,la-flor-rosalia-de-castro,Autor Desconocido,Poesía,0,0,Sin categoría erótica ni obra +18 identificada en los metadatos.
403e54bb-fb51-4f44-8909-658b62ad5978,La fontana de oro,la-fontana-de-oro-benito-perez-galdos,Benito Pérez Galdós,Ficción clásica,0,0,Sin categoría erótica ni obra +18 identificada en los metadatos.
44e74d83-705e-46c6-8539-709ff5dc993f,La fortuna de un estudiante,la-fortuna-de-un-estudiante-charles-dickens,Charles Dickens,Cuentos,0,0,Sin categoría erótica ni obra +18 identificada en los metadatos.
30fc9998-955c-410f-a82f-2e1c85525d17,La fuerza de la sangre,la-fuerza-de-la-sangre-cervantes-miguel,Miguel de Cervantes,Novela corta,0,0,Sin categoría erótica ni obra +18 identificada en los metadatos.
721f3b96-e289-41f7-8d31-059c53d60ad9,La fuga de Arsenio Lupin,la-fuga-de-arsenio-lupin-maurice-leblanc,La fuga de Arsenio Lupin,Cuentos,0,0,Sin categoría erótica ni obra +18 identificada en los metadatos.
18a282ee-8a82-4e18-90ff-8880053e969a,La Galatea,la-galatea-cervantes-miguel,Miguel Cervantes,Ficción clásica,0,0,Sin categoría erótica ni obra +18 identificada en los metadatos.
2ce47d3c-2c8a-42b4-bb19-c87a1ec12f4b,La gallina degollada,la-gallina-degollada-horacio-quiroga,Horacio Quiroga,Cuentos,0,0,Sin categoría erótica ni obra +18 identificada en los metadatos.
30a7eead-fb03-4972-90c5-69a7eb564fde,La gama ciega,la-gama-ciega-horacio-quiroga,Horacio Quiroga,Cuentos,0,0,Sin categoría erótica ni obra +18 identificada en los metadatos.
bb2ffe8d-253b-442e-b703-c6e93362c5f7,La gaviota: novela original de costumbres españolas,la-gaviota-fernan-caballero,Fernán Caballero,Ficción clásica,0,0,Sin categoría erótica ni obra +18 identificada en los metadatos.
ec9bf8c8-d4d5-4ad8-9b28-8cb027a8b5f1,La genealogía de la moral,la-genealogia-de-la-moral-friedrich-nietzsche,Friedrich Nietzsche,Filosofía,0,0,Sin categoría erótica ni obra +18 identificada en los metadatos.
d262cc16-11d6-4311-a2d2-db4d3f50c503,La gente del abismo,la-gente-del-abismo-jack-london,Jack London,"Biografías, Diarios Y Hechos Reales",0,0,Sin categoría erótica ni obra +18 identificada en los metadatos.
34dcf794-17e9-4e19-a952-1a506ab80c48,La gitanilla,la-gitanilla-cervantes-miguel,Miguel de Cervantes,Novela corta,0,0,Sin categoría erótica ni obra +18 identificada en los metadatos.
307e52ac-5dbc-4b48-a103-2994e124ac67,La gota de sangre,la-gota-de-sangre-pardo-bazan-emilia,"Pardo Bazán,  Emilia","Policíaca, negra y suspense",0,0,Sin categoría erótica ni obra +18 identificada en los metadatos.
cafea9b0-7a5f-40f6-8a76-36da0370a5bf,La gran sultana Doña Catalina de Oviedo,la-gran-sultana-dona-catalina-de-oviedo-cervantes-miguel,Miguel de Cervantes,Teatro,0,0,Sin categoría erótica ni obra +18 identificada en los metadatos.
4a0d2a0c-d6c2-444d-8755-b16bcb941a94,La guarda cuidadosa,la-guarda-cuidadosa-cervantes-miguel,Miguel de Cervantes,Teatro,0,0,Sin categoría erótica ni obra +18 identificada en los metadatos.
c725d0f1-3ce5-4995-b8c5-4e61d9aef485,La guardia blanca,la-guardia-blanca-conan-doyle-arthur,Arthur Conan Doyle,Ficción histórica,0,0,Sin categoría erótica ni obra +18 identificada en los metadatos.
7fbe8a22-78fa-4ea9-a8dd-35a19e1bef8d,La guerra,la-guerra-machado-antonio,Antonio Machado,Poesía,0,0,Sin categoría erótica ni obra +18 identificada en los metadatos.
6a92127d-4735-4d8e-a7f3-e5b353b71efb,La guerra carlista,la-guerra-carlista-ramon-maria-del-valle-inclan,Ramón del Valle Inclán,Ficción clásica,0,0,Sin categoría erótica ni obra +18 identificada en los metadatos.
879ccdbc-a306-4b1f-b8cc-c5fd1de5d8f0,La guerra gaucha,la-guerra-gaucha-leopoldo-lugones,Leopoldo Lugones,Cuentos,0,0,Sin categoría erótica ni obra +18 identificada en los metadatos.
d70760c9-3a58-47ed-85dd-f27624e7d057,La guerra injusta,la-guerra-injusta-armando-palacio-valdes,Armando Palacio Valdés,Ficción histórica,0,0,Sin categoría erótica ni obra +18 identificada en los metadatos.
1b229baa-eeb4-46ab-a02c-8fb7ddf7c917,La guitarra providencial,la-guitarra-providencial-robert-louis-stevenson,Robert Louis Stevenson,Terror,0,0,Sin categoría erótica ni obra +18 identificada en los metadatos.
14f4a82d-9f35-455f-b861-e368c503675c,La habitación amueblada,la-habitacion-amueblada-o-henry,O. Henry,Cuentos,0,0,Sin categoría erótica ni obra +18 identificada en los metadatos.
bbfec310-e2b2-4f9a-aed5-ba80b5df7d08,La Hermana San Sulpicio,la-hermana-san-sulpicio-armando-palacio-valdes,Armando Palacio Valdés,Ficción clásica,0,0,Sin categoría erótica ni obra +18 identificada en los metadatos.
cd5f6d80-6e5f-44dc-a738-0cdffeda93de,"La hermosa durmiente, Charles Perrault",la-hermosa-durmiente-charles-perrault,Autor Desconocido,Cuentos,0,0,Sin categoría erótica ni obra +18 identificada en los metadatos.
a4b05815-4cf7-4c76-99af-1b1b8f18c167,La hidalga campesina,la-hidalga-campesina-aleksandr-pushkin,Aleksandr Pushkin,Cuentos,0,0,Sin categoría erótica ni obra +18 identificada en los metadatos.
83a7a303-a085-4732-9cea-337b6332edb4,La hija de la Virgen María,la-hija-de-la-virgen-maria-hermanos-grimm,Hermanos Grimm,Cuentos,0,0,Sin categoría erótica ni obra +18 identificada en los metadatos.
37bd7d5a-d25c-4a32-8f55-2d82c6d94db2,La hija de las flores o Todos están locos,la-hija-de-las-flores-gertrudis-gomez-de-avellaneda,Gertrudis Gómez de Avellaneda,Teatro,0,0,Sin categoría erótica ni obra +18 identificada en los metadatos.
ce578d2e-9c45-4423-b508-0b5c54fbd3d8,La Hija del Mar,la-hija-del-mar-rosalia-de-castro,Rosalía de Castro,Ficción clásica,0,0,Sin categoría erótica ni obra +18 identificada en los metadatos.
8dc200cf-f973-4b6d-8c48-52c9aebc5277,La hija del sol,la-hija-del-sol-fernan-caballero,Fernán Caballero,Cuentos,0,0,Sin categoría erótica ni obra +18 identificada en los metadatos.
d59338c9-ea96-45a8-903a-ca48e8e4d25d,La historia de Keesh,la-historia-de-keesh-jack-london,Jack London,Acción y aventura,0,0,Sin categoría erótica ni obra +18 identificada en los metadatos.
65f21a74-f3b8-4ce2-b651-2444438567e2,La historia de nadie,la-historia-de-nadie-charles-dickens,Charles Dickens,Cuentos,0,0,Sin categoría erótica ni obra +18 identificada en los metadatos.
886b8e67-974c-49db-a627-d2e1cb58017f,La historia de una hora,la-historia-de-una-hora-kate-chopin,Kate Chopin,Cuentos,0,0,Sin categoría erótica ni obra +18 identificada en los metadatos.
b284bbb1-6808-45b3-a57a-c0937a79cdb0,La horda,la-horda-vicente-blasco-ibanez,Vicente Blasco Ibañez,Ficción clásica,0,0,Sin categoría erótica ni obra +18 identificada en los metadatos.
9c8db28e-243f-4376-b72f-631c427f4b52,La Hoz,la-hoz-pardo-bazan-emilia,Emilia Pardo Bazán,Cuentos,0,0,Sin categoría erótica ni obra +18 identificada en los metadatos.
2719a28e-d3f5-4a17-a7ec-2a45213749b6,La huerta de Juan Fernández,la-huerta-de-juan-fernandez-molina-tirso,Tirso de Molina,Teatro,0,0,Sin categoría erótica ni obra +18 identificada en los metadatos.
8d74008b-f427-4679-8d75-c7d2de6974f9,La Ilíada,la-iliada-homero,Homero,Ficción clásica,0,0,Sin categoría erótica ni obra +18 identificada en los metadatos.
8b2f608b-6b40-4449-8cd8-2e6b0fb6b499,La ilustre fregona,la-ilustre-fregona-cervantes-miguel,Miguel de Cervantes,Novela corta,0,0,Sin categoría erótica ni obra +18 identificada en los metadatos.
064dac83-a106-4ff4-ba77-2d9e77722aff,La importancia de llamarse Ernesto,la-importancia-de-llamarse-ernesto-wilde-oscar,Oscar Wilde,Teatro,0,0,Sin categoría erótica ni obra +18 identificada en los metadatos.
783ea4d3-713d-4c1c-9867-b3fdae13095f,La Incógnita,la-incognita-benito-perez-galdos,Benito Pérez Galdós,Ficción contemporánea,0,0,Sin categoría erótica ni obra +18 identificada en los metadatos.
595bed41-f7ad-40d0-8f09-7994724cd96a,La inquilina de Wildfell Hall,la-inquilina-de-wildfell-hall-anne-bronte,Anne Brontë,Ficción clásica,0,0,Sin categoría erótica ni obra +18 identificada en los metadatos.
ea277e45-383b-4632-bc60-2ecdd98f8215,La insolación,la-insolacion-horacio-quiroga,Horacio Quiroga,Cuentos,0,0,Sin categoría erótica ni obra +18 identificada en los metadatos.
d1169886-4d66-41cc-8e27-da2ea9473208,La interdicción,la-interdiccion-balzac-honore-de,Honoré de Balzac,Ficción contemporánea,0,0,Sin categoría erótica ni obra +18 identificada en los metadatos.
8d48c7df-3d13-4754-98e5-b5edd35e5039,La interpretación de los sueños,la-interpretacion-de-los-suenos-sigmund-freud,Sigmund Freud,Psicología,0,0,Sin categoría erótica ni obra +18 identificada en los metadatos.
6c75e391-64fe-44b5-b6a1-e8715bbf9a63,La invasión sin paralelo,la-invasion-sin-paralelo-jack-london,Jack London,Novela corta,0,0,Sin categoría erótica ni obra +18 identificada en los metadatos.
5e7837a2-5990-470b-b616-057286d2b794,La isla de Falesa,la-playa-de-falesa-robert-louis-stevenson,Robert Louis Stevenson,Acción y aventura,0,0,Sin categoría erótica ni obra +18 identificada en los metadatos.
70099685-feaa-4c9f-b142-ef0f57a2e1b9,La isla de las voces,la-isla-de-las-voces-robert-louis-stevenson,Robert Louis Stevenson,Cuentos,0,0,Sin categoría erótica ni obra +18 identificada en los metadatos.
5d5a0032-5c3c-4be2-ab21-c9e99238931c,La isla del tesoro,la-isla-del-tesoro-robert-louis-stevenson,Robert Louis Stevenson,Acción y aventura,0,0,Sin categoría erótica ni obra +18 identificada en los metadatos.
699c6f80-4c74-456b-b835-74da6b6398a0,La isla desierta,la-isla-desierta-roberto-arlt,Roberto Arlt,Teatro,0,0,Sin categoría erótica ni obra +18 identificada en los metadatos.
4dcf1d8c-f639-40cc-b282-9e501f14cc54,La isla misteriosa,la-isla-misteriosa-verne-julio,Julio Verne,Fantasía,0,0,Sin categoría erótica ni obra +18 identificada en los metadatos.
4519891d-2200-44bc-980f-0e91e52ceec8,La laguna,la-laguna-joseph-conrad,Joseph Conrad,Cuentos,0,0,Sin categoría erótica ni obra +18 identificada en los metadatos.
2d5a04d6-c171-4f70-940c-0906bca48849,La lámina de la casa,la-lamina-de-la-casa-h-p-lovecraft,H. P. Lovecraft,Terror,0,0,Sin categoría erótica ni obra +18 identificada en los metadatos.
3934835e-b777-44c4-92b7-07be12677a3a,La lámpara maravillosa: ejercicios espirituales,la-lampara-maravillosa-ramon-maria-del-valle-inclan,Ramón del Valle Inclán,Sociedad Y Ciencias Sociales,0,0,Sin categoría erótica ni obra +18 identificada en los metadatos.
ee20a181-2cc2-4741-a78d-6abc234fe6ac,La letra escarlata,la-letra-escarlata-nathaniel-hawthorne,Nathaniel Hawthorne,Ficción histórica,0,0,Sin categoría erótica ni obra +18 identificada en los metadatos.
bb222a80-c946-4c3b-b02a-6b09b39747ab,La ley de la vida,la-ley-de-la-vida-jack-london,Jack London,Cuentos,0,0,Sin categoría erótica ni obra +18 identificada en los metadatos.
0aabe6bc-0a9b-4ec3-a065-957154128296,La leyenda de Sleepy Hollow,la-leyenda-de-sleepy-hollow-washington-irving,Washington Irving,Terror,0,0,Sin categoría erótica ni obra +18 identificada en los metadatos.
ab4b5760-35b2-4a91-aff4-498bcfdc1933,La Leyenda del Astrólogo Árabe,la-leyenda-del-astrologo-arabe-washington-irving,Washington Irving,"Mitos, leyendas y sagas",0,0,Sin categoría erótica ni obra +18 identificada en los metadatos.
baa9bee9-6878-427e-a776-268c4accda48,La libertad del espíritu,la-libertad-del-espiritu-valery-paul,Paul Valéry,Sociedad Y Ciencias Sociales,0,0,Sin categoría erótica ni obra +18 identificada en los metadatos.
4c7f457c-2eb1-46e7-b11c-5394fd795138,La Liebre y el Erizo,la-liebre-y-el-erizo-hermanos-grimm,Hermanos Grimm,Cuentos,0,0,Sin categoría erótica ni obra +18 identificada en los metadatos.
b86b1965-2e80-443b-b690-942f17cffe18,La Liga de los Pelirrojos,la-liga-de-los-pelirrojos-conan-doyle-arthur,Arthur Conan Doyle,Novela corta,0,0,Sin categoría erótica ni obra +18 identificada en los metadatos.
00f002f7-7d41-4807-b02e-b8b8046bd4db,La llamada de Cthulhu,la-llamada-de-cthulhu-h-p-lovecraft,Howard Phillips Lovecraft,Terror,0,0,Sin categoría erótica ni obra +18 identificada en los metadatos.
afefc88e-14dc-47e5-8418-bdf3cb132a24,La llamada de lo salvaje,la-llamada-de-lo-salvaje-jack-london,Jack London,Acción y aventura,0,0,Sin categoría erótica ni obra +18 identificada en los metadatos.
93528f57-b118-4d00-ba5f-f7c5bacf7a2b,La llave de plata,la-llave-de-plata-h-p-lovecraft,H. P. Lovecraft,Terror,0,0,Sin categoría erótica ni obra +18 identificada en los metadatos.
91381e2f-0a74-4d0d-b4bd-992286e2beab,La Llave Maestra,la-llave-maestra-l-frank-baum,L. Frank Baum,Cuentos,0,0,Sin categoría erótica ni obra +18 identificada en los metadatos.
08fd1633-d175-4cbd-b97f-de0c7a4e0e8d,La lluvia de fuego,la-lluvia-de-fuego-leopoldo-lugones,Leopoldo Lugones,Cuentos,0,0,Sin categoría erótica ni obra +18 identificada en los metadatos.
fcbaec27-580e-47d2-ae73-e351ca737f46,La lucha contra el demonio,la-lucha-contra-el-demonio-zweig-stefan,Stefan Zweig,Ensayos,0,0,Sin categoría erótica ni obra +18 identificada en los metadatos.
8aa2ad71-f70e-43ca-893d-35743d518f6d,La lucha de Homero,la-lucha-de-homero-friedrich-nietzsche,Friedrich Nietzsche,Filosofía,0,0,Sin categoría erótica ni obra +18 identificada en los metadatos.
c0da09bf-3148-464a-95b2-c7c3418ba26f,La luna roja,la-luna-roja-roberto-arlt,Roberto Arlt,Cuentos,0,0,Sin categoría erótica ni obra +18 identificada en los metadatos.
b6bf315b-b9c4-4a70-9927-10a1995f5da8,La madre naturaleza,la-madre-naturaleza-pardo-bazan-emilia,Emilia Pardo Bazán,Ficción clásica,0,0,Sin categoría erótica ni obra +18 identificada en los metadatos.
d8f8dc77-25df-41f6-b81e-81686e1b0ba3,La maja desnuda,la-maja-desnuda-vicente-blasco-ibanez,Vicente Blasco Ibáñez,Ficción contemporánea,0,0,Sin categoría erótica ni obra +18 identificada en los metadatos.
6069b43e-895d-4427-b7a1-14ee5e181c0c,La maldición que cayó sobre Sarnath,la-maldicion-que-cayo-sobre-sarnath-h-p-lovecraft,Lovecraft,Terror,0,0,Sin categoría erótica ni obra +18 identificada en los metadatos.
1801b5b1-b012-45d2-8358-364798e888d4,La máquina humana,la-maquina-humana-arnold-bennett,Arnold Bennet,Autoayuda Y Superación Personal,0,0,Sin categoría erótica ni obra +18 identificada en los metadatos.
472da667-60b5-4624-a780-96b2d8ee86e0,La maravillosa tierra de Oz,la-maravillosa-tierra-de-oz-l-frank-baum,L. Frank Baum,Novela corta,0,0,Sin categoría erótica ni obra +18 identificada en los metadatos.
8792648e-af84-46fb-8cce-3a240e2d7bd9,La marca en la pared,la-marca-en-la-pared-woolf-virginia,Virginia Woolf,Cuentos,0,0,Sin categoría erótica ni obra +18 identificada en los metadatos.
a4d8e666-386e-43ef-aacf-8cb024d7d401,La mariquita,la-mariquita-d-h-lawrence,D. H. Lawrence,Cuentos,0,0,Sin categoría erótica ni obra +18 identificada en los metadatos.
26c1be4f-2202-43df-b8ea-58003a7491e6,La marquesa,la-marquesa-george-sand,George Sand,Cuentos,0,0,Sin categoría erótica ni obra +18 identificada en los metadatos.
2ce9cbe1-6ee9-4c03-9097-5af4af39dd15,La máscara de la muerte roja,la-mascara-de-la-muerte-roja-allan-poe-edgar,Edgar Allan Poe,Terror,0,0,Sin categoría erótica ni obra +18 identificada en los metadatos.
1671f57b-86fa-4abe-a8c8-f23e8d3b7faf,La Mascarada de Howe,la-mascarada-de-howe-nathaniel-hawthorne,Nathaniel Hawthorne,Terror,0,0,Sin categoría erótica ni obra +18 identificada en los metadatos.
d75db289-2efc-43a8-b0a4-6720d553eb3e,La media noche,la-media-noche-ramon-maria-del-valle-inclan,Ramón del Valle Inclán,"Biografías, Diarios Y Hechos Reales",0,0,Sin categoría erótica ni obra +18 identificada en los metadatos.
659361e5-21bc-4e69-917f-da8fb8feadf8,La mesa moderna,la-mesa-moderna-mariano-pardo-de-figueroa,Doctor Thebussem,,0,0,Sin categoría erótica ni obra +18 identificada en los metadatos.
dfad8844-342d-400b-9e92-f4a30fb526ff,La metamorfosis,la-metamorfosis-kafka-franz,Franz Kafka,Ficción contemporánea,0,0,Sin categoría erótica ni obra +18 identificada en los metadatos.
9cbe19d0-e0a8-42fe-a711-186072dd4fc8,La miel silvestre,la-miel-silvestre-horacio-quiroga,Horacio Quiroga,Cuentos,0,0,Sin categoría erótica ni obra +18 identificada en los metadatos.
5973cbf1-40bf-4063-96f3-a751a4778851,La misa del ateo,la-misa-del-ateo-balzac-honore-de,Honoré de Balzac,Ficción clásica,0,0,Sin categoría erótica ni obra +18 identificada en los metadatos.
488afb9d-0f2d-4b96-8415-a45cf571a3eb,La Mitología contada a los niños,la-mitologia-contada-a-los-ninos-fernan-caballero,Fernán Caballero,"Mitos, leyendas y sagas",0,0,Sin categoría erótica ni obra +18 identificada en los metadatos.
a319658c-77d3-49fa-a22c-6e3211c8eac1,La montaña de luz,la-montana-de-luz-emilio-salgari,Emilio Salgari,Acción y aventura,0,0,Sin categoría erótica ni obra +18 identificada en los metadatos.
33c26b1e-0957-42e5-8f3c-c3e083c9a6e6,La muchacha de los ojos de oro,la-muchacha-de-los-ojos-de-oro-balzac-honore-de,Honoré de Balzac,Ficción clásica,0,0,Sin categoría erótica ni obra +18 identificada en los metadatos.
e52d1d9d-5f0a-473e-92d6-d24bee200b8e,La muerte de Halpin Frayser,la-muerte-de-halpin-frayser-bierce-ambrose,Ambrose Bierce,Cuentos,0,0,Sin categoría erótica ni obra +18 identificada en los metadatos.
faf873c9-ddf0-47b1-84eb-d91d120389b5,La muerte de Iván Ilich,la-muerte-de-ivan-ilich-tolstoi-leon,León Tolstói,Novela corta,0,0,Sin categoría erótica ni obra +18 identificada en los metadatos.
a75a2b4b-c496-4875-9c4b-16e6970ff0e8,La muerte de las catedrales,la-muerte-de-las-catedrales-marcel-proust,Marcel Proust,Ficción contemporánea,0,0,Sin categoría erótica ni obra +18 identificada en los metadatos.
95c39f2a-14cf-40d8-b340-9f0f28c014b3,La muerte del borracho,la-muerte-del-borracho-charles-dickens,Charles Dickens,Novela corta,0,0,Sin categoría erótica ni obra +18 identificada en los metadatos.
d806332c-b62c-49c3-9136-98a60230a486,La Muerte Madrina,la-muerte-madrina-hermanos-grimm,Hermanos Grimm,Cuentos,0,0,Sin categoría erótica ni obra +18 identificada en los metadatos.
1432b16e-f846-42ae-855a-fc8d21e007fd,La mujer alta,la-mujer-alta-de-alarcon-pedro-antonio,Pedro Antonio de Alarcón,Terror,0,0,Sin categoría erótica ni obra +18 identificada en los metadatos.
56afb0bf-91a7-4444-8eeb-2472dda32bed,La mujer de Paul,la-mujer-de-paul-guy-de-maupassant,Guy de Maupassant,Cuentos,0,0,Sin categoría erótica ni obra +18 identificada en los metadatos.
b7025e7c-dd6f-4e13-a439-df01996402c9,La mujer del porvenir,la-mujer-del-porvenir-concepcion-arenal,Autor Desconocido,Ensayos,0,0,Sin categoría erótica ni obra +18 identificada en los metadatos.
c8c1a487-629a-4569-8b95-1a38dfac0c35,La mujer en la sociedad moderna,la-mujer-en-la-sociedad-moderna-soledad-acosta-de-samper,Soledad Acosta de Samper,Novela corta,0,0,Sin categoría erótica ni obra +18 identificada en los metadatos.
491e08d8-bdd9-4acd-b489-b78d70512517,La mujer en nuestros días,la-mujer-en-nuestros-dias-maria-del-pilar-sinues,María del Pilar Sinués,Novela corta,0,0,Sin categoría erótica ni obra +18 identificada en los metadatos.
ee50c796-fe17-4485-bf41-60c9565d682b,La mujer griega,la-mujer-griega-friedrich-nietzsche,Friedrich Nietzsche,Filosofía,0,0,Sin categoría erótica ni obra +18 identificada en los metadatos.
871e0dce-362f-46e8-a7f3-3a30a3fc838e,La mujer gris,la-mujer-gris-elisabeth-gaskell,Elizabeth Gaskell,Cuentos,0,0,Sin categoría erótica ni obra +18 identificada en los metadatos.
efbd4207-a14b-43e9-a723-ac44299f8806,La mujer negra,la-mujer-negra-zorrilla-jose,José Zorrilla,Cuentos,0,0,Sin categoría erótica ni obra +18 identificada en los metadatos.
fe85b321-a358-41a4-9009-ec011ebd66d1,La mujer y el paisaje,la-mujer-y-el-paisaje-zweig-stefan,Stefan Zweig,Novela corta,0,0,Sin categoría erótica ni obra +18 identificada en los metadatos.
609ca706-c3f0-4c43-bbd6-73b34395ed59,La muralla china,la-muralla-china-kafka-franz,Franz Kafka,Cuentos,0,0,Sin categoría erótica ni obra +18 identificada en los metadatos.
8e927a86-6cd1-42eb-9524-e90feb64e56f,La música de Erich Zann,la-musica-de-erich-zann-h-p-lovecraft,H. P. Lovecraft,Terror,0,0,Sin categoría erótica ni obra +18 identificada en los metadatos.
1be31333-2acf-4017-b91c-6580db94abf0,La nariz,la-nariz-nikolai-gogol,Nikolai Gogol,Cuentos,0,0,Sin categoría erótica ni obra +18 identificada en los metadatos.
1f02f5b1-13da-4f5f-bf72-74097b56d7e7,La nariz,la-nariz-ryunosuke-akutagawa,Ryūnosuke Akutagawa,,0,0,Sin categoría erótica ni obra +18 identificada en los metadatos.
fdb1c18c-4da7-4406-85a0-bc813c8487ae,La nariz de un notario,la-nariz-de-un-notario-edmond-about,Edmond About,Ficción clásica,0,0,Sin categoría erótica ni obra +18 identificada en los metadatos.
549db3e9-e23f-47f9-b2cf-7508a8e6ecf1,La noche,la-noche-guy-de-maupassant,Guy de Maupassant,Ensayos,0,0,Sin categoría erótica ni obra +18 identificada en los metadatos.
d15ef1d1-0244-4506-af55-e6044ef99a77,La Noche oscura,noche-oscura-del-alma-san-juan-de-la-cruz,San Juan de la Cruz,Poesía,0,0,Sin categoría erótica ni obra +18 identificada en los metadatos.
0a116cc2-0b3a-4b4f-a1a0-7c75f814a8a7,La nochebuena de 1836,la-nochebuena-de-1836-mariano-jose-de-larra,Mariano José de Larra,Cuentos,0,0,Sin categoría erótica ni obra +18 identificada en los metadatos.
cb982368-6873-43f9-b37e-5736d1d6216a,La novela en el tranvía,la-novela-en-el-tranvia-benito-perez-galdos,Benito Pérez Galdós,Cuentos,0,0,Sin categoría erótica ni obra +18 identificada en los metadatos.
94b65471-3101-459c-95e8-ed23392edddb,La novia de Corinto,la-novia-de-corinto-goethe-wolfgang-johann,Goethe,,0,0,Sin categoría erótica ni obra +18 identificada en los metadatos.
bd51487b-606c-4e79-a82f-24cf34d0a9eb,La nueva revelación. El mensaje vital,la-nueva-revelacion-el-mensaje-vital-conan-doyle-arthur,Arthur Conan Doyle,Fantasía,0,0,Sin categoría erótica ni obra +18 identificada en los metadatos.
4c0caf0f-1bbf-4ba3-a77c-19eeb493586e,La obra,la-obra-kafka-franz,Franz Kafka,Cuentos,0,0,Sin categoría erótica ni obra +18 identificada en los metadatos.
e47b0330-1849-4ae2-bd0a-4a861afcb6c9,La Odisea,la-odisea-homero,Homero,Poesía,0,0,Sin categoría erótica ni obra +18 identificada en los metadatos.
a4d7a253-388e-4afb-a0f9-210de984a8af,La palabra es tu varita mágica,la-palabra-es-tu-varita-magica-florence-scovel-shinn,Florence Scovel Shinn,Autoayuda Y Superación Personal,0,0,Sin categoría erótica ni obra +18 identificada en los metadatos.
970dc20d-6175-4514-bbf7-1ccb3eb8e47c,La pata de mono,la-pata-de-mono-w-w-jacobs,W. W. Jacobs,Terror,0,0,Sin categoría erótica ni obra +18 identificada en los metadatos.
a182b497-f64b-4970-abe8-f3c2f37f0a39,La paz perpetua,la-paz-perpetua-immanuel-kant,Inmanuel Kant,Filosofía,0,0,Sin categoría erótica ni obra +18 identificada en los metadatos.
e067052e-5c19-409e-9303-d78dedd30792,La pequeña cerillera,la-pequena-cerillera-hans-christian-andersen,Hans Christian Andersen,Cuentos,0,0,Sin categoría erótica ni obra +18 identificada en los metadatos.
e6213fe5-f9ec-4c88-b35c-59b568477e73,La perfecta casada,la-perfecta-casada-fray-luis-de-leon,Luis de León,Ensayos,0,0,Sin categoría erótica ni obra +18 identificada en los metadatos.
f190892e-73b2-4748-93a5-be9ffc5ec017,La perla de Toledo,la-perla-de-toledo-prospero-merimee,Próspero Merimée,Cuentos,0,0,Sin categoría erótica ni obra +18 identificada en los metadatos.
bea64069-99ee-4052-9dcf-2f2735fd8828,La perla del río rojo,la-perla-del-rio-rojo-emilio-salgari,Emilio Salgari,Acción y aventura,0,0,Sin categoría erótica ni obra +18 identificada en los metadatos.
9f14ec9f-bbee-4547-81d5-0d9cea11e026,La perla negra,la-perla-negra-maurice-leblanc,Maurice Leblanc,Cuentos,0,0,Sin categoría erótica ni obra +18 identificada en los metadatos.
921b6813-b52e-47d6-9d94-5523747e0423,La persona y lo sagrado,la-persona-y-lo-sagrado-simone-weil,Simone Weil,Ensayos,0,0,Sin categoría erótica ni obra +18 identificada en los metadatos.
93bcf9d1-5800-4d05-9cbe-65fc6ece3e74,La peste escarlata,la-peste-escarlata-jack-london,Jack London,Ciencia ficción,0,0,Sin categoría erótica ni obra +18 identificada en los metadatos.
f06b118c-9507-4f91-a914-db97ab03bb95,La piedra angular,la-piedra-angular-pardo-bazan-emilia,Emilia Pardo Bazán,Ficción contemporánea,0,0,Sin categoría erótica ni obra +18 identificada en los metadatos.
9242d8b8-3b93-46e8-98cf-568f1e20bd51,La pobre viejecita,la-pobre-viejecita-rafael-pombo,Rafael Pombo,Poesía,0,0,Sin categoría erótica ni obra +18 identificada en los metadatos.
7677a42c-8158-49dd-bc1a-84d1e8ae5bd2,La prima Bette,la-prima-bette-balzac-honore-de,Honoré de Balzac,Ficción clásica,0,0,Sin categoría erótica ni obra +18 identificada en los metadatos.
7a6803ab-a6fa-4fb2-9148-c2a4530b11e9,La prima Phillis,la-prima-phillis-elisabeth-gaskell,Elizabeth Gaskell,Novela corta,0,0,Sin categoría erótica ni obra +18 identificada en los metadatos.
c8492b7d-3271-4eb1-8536-8257cf38ea16,La princesa de Babilonia,la-princesa-de-babilonia-voltaire,Voltaire,Ficción clásica,0,0,Sin categoría erótica ni obra +18 identificada en los metadatos.
26c808a8-5a79-4a4b-9a3b-87570afb7ba1,La princesa y el guisante,la-princesa-y-el-guisante-hermanos-grimm,Hermanos Grimm,Cuentos,0,0,Sin categoría erótica ni obra +18 identificada en los metadatos.
7740348c-c003-4d61-9b7e-6bdb3421cec7,La princesa y el puma,la-princesa-y-el-puma-o-henry,O. Henry,Cuentos,0,0,Sin categoría erótica ni obra +18 identificada en los metadatos.
e5a117c6-836c-4381-9e97-079a2bbaed75,La procesion,la-procesion-khalil-gibran,Gibran Khalil Gibran,Poesía,0,0,Sin categoría erótica ni obra +18 identificada en los metadatos.
b5879693-8283-43ad-a96a-67b5b3223c54,La promesa,la-promesa-gustavo-adolfo-becquer,Gustavo A. Bécquer,Cuentos,0,0,Sin categoría erótica ni obra +18 identificada en los metadatos.
e2da90fd-c765-4dc4-aef9-ce0f122490f1,La prueba,la-prueba-pardo-bazan-emilia,Emilia Pardo Bazán,Ficción contemporánea,0,0,Sin categoría erótica ni obra +18 identificada en los metadatos.
9977a0ec-cf78-4bfd-b42b-3d7c264bc645,La puerta del señor Malétroit,la-puerta-del-senor-maletroit-robert-louis-stevenson,Robert Louis Stevenson,Cuentos,0,0,Sin categoría erótica ni obra +18 identificada en los metadatos.
862399bd-15eb-402b-8464-e5a1e6a8859c,La puerta secreta del éxito,la-puerta-secreta-del-exito-florence-scovel-shinn,Florence Scovel Schinn,Autoayuda Y Superación Personal,0,0,Sin categoría erótica ni obra +18 identificada en los metadatos.
298790ee-f940-4ccd-a1b7-b9905da4f12d,La Quimera,la-quimera-pardo-bazan-emilia,condesa de Emilia Pardo Bazán,Ficción clásica,0,0,Sin categoría erótica ni obra +18 identificada en los metadatos.
796c39f3-2dad-4cd5-8d03-a19e2a4ae72f,La rampa,la-rampa-carmen-de-burgos,Carmen de Burgos,Ficción clásica,0,0,Sin categoría erótica ni obra +18 identificada en los metadatos.
6c09f67a-1c2a-4cce-ac01-9de18d0a5834,La Regenta,la-regenta-alas-clarin-leopoldo,Leopoldo Alas,Ficción contemporánea,0,0,Sin categoría erótica ni obra +18 identificada en los metadatos.
05d57383-65e9-4748-9b5a-2284c35e9e78,La reina Calafia,la-reina-calafia-vicente-blasco-ibanez,Vicente Blasco Ibáñez,Ficción histórica,0,0,Sin categoría erótica ni obra +18 identificada en los metadatos.
1b665e03-5c36-4a89-8e91-3a9619e32d5e,La reina de la Costa Negra,la-reina-de-la-costa-negra-robert-e-howard,Robert E Howard,Acción y aventura,0,0,Sin categoría erótica ni obra +18 identificada en los metadatos.
7fe9bbed-d9bb-4d53-b4a8-79f1a8596e34,La Reina de las Nieves,la-reina-de-las-nieves-hans-christian-andersen,Hans Christian Andersen,Cuentos,0,0,Sin categoría erótica ni obra +18 identificada en los metadatos.
c4c48726-e6fa-4434-ac91-e759f731263b,La Reina de los Caribes,la-reina-de-los-caribes-emilio-salgari,Emilio Salgari,Acción y aventura,0,0,Sin categoría erótica ni obra +18 identificada en los metadatos.
4b8e8682-e012-4ffc-b8c2-571e43940c1c,La reina Margot,la-reina-margot-alejandro-dumas-padre,Alejandro Dumas,Ficción clásica,0,0,Sin categoría erótica ni obra +18 identificada en los metadatos.
b2d59672-84d1-48cd-aff2-897ee0d1b365,La República,la-republica-platon,Platón,Filosofía,0,0,Sin categoría erótica ni obra +18 identificada en los metadatos.
2d1a1266-b605-4012-88b0-68b9960a04c6,La resaca,la-resaca-robert-louis-stevenson,Robert Louis Stevenson,Acción y aventura,0,0,Sin categoría erótica ni obra +18 identificada en los metadatos.
aa784927-d32e-4756-a31a-90b33022da1b,La resucitada,la-resucitada-pardo-bazan-emilia,Emilia Pardo Bazan,Cuentos,0,0,Sin categoría erótica ni obra +18 identificada en los metadatos.
7fd4f434-fa52-45c3-8e63-216a84cbd45b,La riqueza de las naciones,la-riqueza-de-las-naciones-adam-smith,Adam Smith,,0,0,Sin categoría erótica ni obra +18 identificada en los metadatos.
ddf956b4-186b-4dce-b774-1349f13b607f,La ronca,la-ronca-alas-clarin-leopoldo,Leopoldo Alas Clarín,Cuentos,0,0,Sin categoría erótica ni obra +18 identificada en los metadatos.
77dae5e4-9b61-4d7d-b6b6-597a0151ffbf,La rosa de oro,la-rosa-de-oro-alas-clarin-leopoldo,Leopoldo Alas Clarín,Cuentos,0,0,Sin categoría erótica ni obra +18 identificada en los metadatos.
122a9cbb-626a-445c-a73b-7e4b43f35b18,La sagaz princesa,la-sagaz-princesa-charles-perrault,Charles Perrault,Cuentos,0,0,Sin categoría erótica ni obra +18 identificada en los metadatos.
9717674f-090d-4638-8e75-ac4e72be2719,La sala número seis,la-sala-numero-seis-anton-chejov,Antón Chéjov,Cuentos,0,0,Sin categoría erótica ni obra +18 identificada en los metadatos.
2b7f7119-0222-4183-b96d-a2d2dac9b621,La segunda casaca,la-segunda-casaca-benito-perez-galdos,Benito Pérez Galdós,Ficción contemporánea,0,0,Sin categoría erótica ni obra +18 identificada en los metadatos.
4a199739-8392-44e6-82aa-0b0389ac1867,La semana de los tres domingos,la-semana-de-los-tres-domingos-allan-poe-edgar,Autor Desconocido,Cuentos,0,0,Sin categoría erótica ni obra +18 identificada en los metadatos.
cfd824eb-ee01-4e03-bf08-7172cf3997d7,La señora Cornelia,la-senora-cornelia-cervantes-miguel,Miguel de Cervantes,Novela corta,0,0,Sin categoría erótica ni obra +18 identificada en los metadatos.
b326a0e6-7c8a-4204-a837-f8aa3f4a6fde,La señora Dalloway,la-senora-dalloway-woolf-virginia,Virginia Woolf,Ficción clásica,0,0,Sin categoría erótica ni obra +18 identificada en los metadatos.
98f38945-86d3-4742-8691-d341fecd8bf2,LA SENORA DEL PERRITO,la-dama-del-perrito-anton-chejov,Anton Pavlovich Chejov,Cuentos,0,0,Sin categoría erótica ni obra +18 identificada en los metadatos.
deac2db8-3b60-4076-be11-020c1ce31ce9,La señorita Brill,la-senorita-brill-katherine-mansfield,Katherine Mansfield,Cuentos,0,0,Sin categoría erótica ni obra +18 identificada en los metadatos.
487a4c02-75d0-401b-b1d8-02b781d5e506,La señorita de Trevelez,la-senorita-de-trevelez-carlos-arniches-barrera,Carlos Arniches,Teatro,0,0,Sin categoría erótica ni obra +18 identificada en los metadatos.
b4969f81-188a-4a93-b3a1-26bd303b06e9,La serpiente blanca,la-serpiente-blanca-hermanos-grimm,Hermanos Grimm,Cuentos,0,0,Sin categoría erótica ni obra +18 identificada en los metadatos.
a167fc6c-6919-4e40-9bf5-a4ac71941826,La Sirena Negra,la-sirena-negra-pardo-bazan-emilia,Emilia Pardo Bazán,Acción y aventura,0,0,Sin categoría erótica ni obra +18 identificada en los metadatos.
9f530ddd-6c3d-4645-b28a-b9b5687b976d,La Sirenita,la-sirenita-hans-christian-andersen,Hans Christian Andersen,Cuentos,0,0,Sin categoría erótica ni obra +18 identificada en los metadatos.
8a5e6945-5f43-4d08-a5d8-f788f6962dfa,La sombra,la-sombra-hans-christian-andersen,Hans Christian Andersen,Cuentos,0,0,Sin categoría erótica ni obra +18 identificada en los metadatos.
c2ae6685-ab38-458c-9de2-4b2cc3a53626,La Sombra,la-sombra-benito-perez-galdos,Benito Pérez Galdós,Ficción contemporánea,0,0,Sin categoría erótica ni obra +18 identificada en los metadatos.
9a76a01c-ad67-41a6-b73f-9f5cb38709c0,La sonata a Kreutzer,la-sonata-a-kreutzer-tolstoi-leon,León Tolstói,Novela corta,0,0,Sin categoría erótica ni obra +18 identificada en los metadatos.
b181aa9f-60b3-4f20-9bf5-55a880ba8736,La superalma,la-superalma-ralph-waldo-emerson,Ralph Waldo Emerson,Ensayos,0,0,Sin categoría erótica ni obra +18 identificada en los metadatos.
409233cc-f28b-4db9-932b-a84d4cca1457,La Tebaida,la-tebaida-estacio,Publio Papinio Estacio,Poesía,0,0,Sin categoría erótica ni obra +18 identificada en los metadatos.
51d2639f-a787-4106-ab5c-7f21780caf9f,La tempestad,la-tempestad-shakespeare-william,William Shakespeare,Teatro,0,0,Sin categoría erótica ni obra +18 identificada en los metadatos.
1972051e-08e7-4db5-beb3-1e14d7c08cc5,La tempestad,la-tempestad-khalil-gibran,Gibran Khalil Gibran,Novela corta,0,0,Sin categoría erótica ni obra +18 identificada en los metadatos.
ef90dd7b-ab37-41d0-b008-6773073dd00c,La tempestad en la nieve,la-tempestad-de-nieve-aleksandr-pushkin,Aleksandr Pushkin,Novela corta,0,0,Sin categoría erótica ni obra +18 identificada en los metadatos.
3a736c42-a769-4d49-9fea-e76423763309,La Teogonia,la-teogonia-hesiodo,Hesiodo,Poesía,0,0,Sin categoría erótica ni obra +18 identificada en los metadatos.
e11ac3b3-4a48-4860-a140-a2ddd0301239,La tía fingida,la-tia-fingida-cervantes-miguel,Miguel de Cervantes,Novela corta,0,0,Sin categoría erótica ni obra +18 identificada en los metadatos.
d245a49e-615d-4a2f-8666-a790fa1ccd11,LA TÍA TULA,la-tia-tula-unamuno-miguel,Miguel de Unamuno,Ficción contemporánea,0,0,Sin categoría erótica ni obra +18 identificada en los metadatos.
1c0c5119-fb98-4a28-8ed7-13cfb32678f6,La tierra de Alvargonzález,la-tierra-de-alvargonzalez-machado-antonio,Antonio Machado,Cuentos,0,0,Sin categoría erótica ni obra +18 identificada en los metadatos.
a262064e-5058-4eda-b411-9d6ed355c374,La tierra de todos,la-tierra-de-todos-vicente-blasco-ibanez,Vicente Blasco Ibáñez,Ficción clásica,0,0,Sin categoría erótica ni obra +18 identificada en los metadatos.
26830c75-2f7d-43f6-aa33-cf9b1547e3a4,La Tigra,la-tigra-jose-de-la-cuadra,José de la Cuadra,Cuentos,0,0,Sin categoría erótica ni obra +18 identificada en los metadatos.
0404299c-c6ea-4463-9ac9-9cf0cce41dad,La tísica,la-tisica-javier-de-viana,Ramón María del Valle-Inclán,Cuentos,0,0,Sin categoría erótica ni obra +18 identificada en los metadatos.
42fb3049-2160-44c3-8461-4c275b17e454,La Torre del Elefante,la-torre-del-elefante-robert-e-howard,Robert E Howard,Cuentos,0,0,Sin categoría erótica ni obra +18 identificada en los metadatos.
3a6b6d57-a36b-4036-8489-b80d713ac2ea,La tortiga gigante,la-tortuga-gigante-horacio-quiroga,Horacio Quiroga,Cuentos,0,0,Sin categoría erótica ni obra +18 identificada en los metadatos.
253b986b-9048-4cb1-8c72-3204b4ddb4a0,La Trenza,la-trenza-javier-de-viana,Javier de Viana,Cuentos,0,0,Sin categoría erótica ni obra +18 identificada en los metadatos.
92874be6-a063-438f-9310-0b84fa0ebd1b,La Tribuna,la-tribuna-pardo-bazan-emilia,condesa de Emilia Pardo Bazán,Ficción clásica,0,0,Sin categoría erótica ni obra +18 identificada en los metadatos.
e5a1ff00-7aff-4a64-b859-d37fcf5e2a5d,La Tristeza,la-tristeza-anton-chejov,Anton Pavlovich Chejov,Cuentos,0,0,Sin categoría erótica ni obra +18 identificada en los metadatos.
ac274e1d-b673-434f-a218-53079475db11,La última fada,la-ultima-fada-pardo-bazan-emilia,Emilia Pardo Bazán,Novela corta,0,0,Sin categoría erótica ni obra +18 identificada en los metadatos.
1e79af98-4713-4ba4-93a4-095bd0f386fd,La última hoja,la-ultima-hoja-o-henry,O. Henry,Cuentos,0,0,Sin categoría erótica ni obra +18 identificada en los metadatos.
8ee070f6-0739-452d-aa05-c567728803f5,La venganza de Don Mendo,la-venganza-de-don-mendo-pedro-munoz-seca,Pedro Muñoz Seca,Teatro,0,0,Sin categoría erótica ni obra +18 identificada en los metadatos.
08f4ac9e-e903-4b50-95b6-e62cea6d956a,La Venta,la-venta-de-quevedo-francisco,Francisco de Quevedo y Villegas,Teatro,0,0,Sin categoría erótica ni obra +18 identificada en los metadatos.
d01cba45-e493-4f5a-a824-0448e5f485d2,La Verdad Sospechosa,la-verdad-sospechosa-juan-ruiz-de-alarcon,Juan Ruiz de Alarcón,Teatro,0,0,Sin categoría erótica ni obra +18 identificada en los metadatos.
d4f36afd-93f5-40fc-b866-960b1f233a3e,La vida celestial,la-vida-celestial-james-allen,James Allen,Autoayuda Y Superación Personal,0,0,Sin categoría erótica ni obra +18 identificada en los metadatos.
517209e0-0197-4971-814c-4ef2ca9ce6b4,La vida es sueño,la-vida-es-sueno-calderon-de-la-barca-pedro,Calderón de la Barca,Teatro,0,0,Sin categoría erótica ni obra +18 identificada en los metadatos.
e27d34a0-0146-4ab2-a62c-318d22772448,La Vida Intensa,la-vida-intensa-horacio-quiroga,Horacio Quiroga,Cuentos,0,0,Sin categoría erótica ni obra +18 identificada en los metadatos.
99c2faa3-4a6e-4d52-9b7c-de77db30f976,La vida nueva,la-vida-nueva-dante-alighieri,Dante Alighieri,Ficción clásica,0,0,Sin categoría erótica ni obra +18 identificada en los metadatos.
54de2aa3-5be8-41bd-829c-75fb59fde412,La villana de Vallecas,la-villana-de-vallecas-molina-tirso,Tirso de Molina,Teatro,0,0,Sin categoría erótica ni obra +18 identificada en los metadatos.
44dfa87f-1996-4b40-9f8a-259fd08b93b9,La visión dionisíaca del mundo,la-vision-dionisiaca-del-mundo-friedrich-nietzsche,Friedrich Nietzsche,Filosofía,0,0,Sin categoría erótica ni obra +18 identificada en los metadatos.
048f31a8-6257-4bf3-afc2-86bcf21a30d1,La vorágine,la-voragine-jose-eustasio-rivera,José Eustasio Rivera,Ficción clásica,0,0,Sin categoría erótica ni obra +18 identificada en los metadatos.
d98e4b7e-b60c-4bc5-a2a2-15c0ee125999,La vuelta al mundo en ochenta días,la-vuelta-al-mundo-en-ochenta-dias-verne-julio,Julio Verne,Acción y aventura,0,0,Sin categoría erótica ni obra +18 identificada en los metadatos.
ca4895ff-37ad-4d8f-a2a0-03eb6035f6c3,La vuelta de Martín Fierro,la-vuelta-de-martin-fierro-jose-hernandez,José Hernández,Poesía,0,0,Sin categoría erótica ni obra +18 identificada en los metadatos.
7749fc3e-06db-404d-aead-eb70fc45ae6b,La yernocracia,la-yernocracia-alas-clarin-leopoldo,Leopoldo Alas Clarín,Cuentos,0,0,Sin categoría erótica ni obra +18 identificada en los metadatos.
25da0b12-635f-47e7-bb6b-e6c8cd4d4f2e,La zapatera prodigiosa,la-zapatera-prodigiosa-garcia-lorca-federico,Federico García Lorca,Teatro,0,0,Sin categoría erótica ni obra +18 identificada en los metadatos.
0dcf0ea9-0384-4a78-8120-c960c57512a9,Lagrimas y Sonrisas,lagrimas-y-sonrisas-khalil-gibran,Gibran Khalil Gibran,Ficción religiosa y espiritual,0,0,Sin categoría erótica ni obra +18 identificada en los metadatos.
5f74a943-2613-4e10-be18-9ba7280c910a,Laques (o del valor),laques-platon,Platón,Filosofía,0,0,Sin categoría erótica ni obra +18 identificada en los metadatos.
d2a41c0a-3bc9-4fcd-9f9a-0b46c7c4b8c8,Las afinidades electivas,las-afinidades-electivas-goethe-wolfgang-johann,Goethe,,0,0,Sin categoría erótica ni obra +18 identificada en los metadatos.
0c606045-e266-4c0b-a2ec-b0cb1c9df2fc,Las Aventuras de Alicia en el País de las Maravillas,las-aventuras-de-alicia-en-el-pais-de-las-maravillas-carroll-lewis,Lewis Carroll,Acción y aventura,0,0,Sin categoría erótica ni obra +18 identificada en los metadatos.
f568f21d-02f3-4843-98d2-b68d022099c5,Las aventuras de Huckleberry Finn,las-aventuras-de-huckleberry-finn-mark-twain,Mark Twain,Acción y aventura,0,0,Sin categoría erótica ni obra +18 identificada en los metadatos.
df9336a5-f1c1-4d78-b568-24f642cc0b2f,Las Aventuras de Pinocho,las-aventuras-de-pinocho-carlo-collodi,C. Collodi,Cuentos,0,0,Sin categoría erótica ni obra +18 identificada en los metadatos.
b08584c2-057c-4b16-bbef-a4cf3a606051,Las aventuras de Sherlock Holmes,las-aventuras-de-sherlock-holmes-conan-doyle-arthur,Arthur Conan Doyle,Acción y aventura,0,0,Sin categoría erótica ni obra +18 identificada en los metadatos.
7f0364d4-52a7-4680-83cd-e939ea2ed7ba,Las aventuras de Tom Sawyer,las-aventuras-de-tom-sawyer-mark-twain,Mark Twain,Ficción clásica,0,0,Sin categoría erótica ni obra +18 identificada en los metadatos.
09848835-f493-4301-97a8-d291789115b7,Las aventuras de un cadaver,las-aventuras-de-un-cadaver-robert-louis-stevenson,Robert Louis Stevenson,Acción y aventura,0,0,Sin categoría erótica ni obra +18 identificada en los metadatos.
bbf6a01b-0ad7-46a1-b13f-bb6af2968fe2,Las aventuras del capitán Hatteras. El desierto de hielo,las-aventuras-del-capitan-hatteras-verne-julio,Julio Verne,Ciencia ficción,0,0,Sin categoría erótica ni obra +18 identificada en los metadatos.
9bad255c-b713-49f5-8fff-2189444e21c8,Las campanas,las-campanas-allan-poe-edgar,Edgar Allan Poe,Poesía,0,0,Sin categoría erótica ni obra +18 identificada en los metadatos.
8d6eaa2a-67ca-4d0c-9ec8-37f8729964dd,Las Cartas de Amabed,las-cartas-de-amabed-voltaire,Voltaire,Cuentos,0,0,Sin categoría erótica ni obra +18 identificada en los metadatos.
8f16478d-162f-4670-afa1-7f7b0a7d9b00,Las cautelas,las-cautelas-san-juan-de-la-cruz,San Juan de la Cruz,Religión,0,0,Sin categoría erótica ni obra +18 identificada en los metadatos.
c9795822-d77c-4177-9df4-4ce9ac95b130,Las cerezas del cementerio,las-cerezas-del-cementerio-gabriel-miro,Gabriel Miró,Ficción contemporánea,0,0,Sin categoría erótica ni obra +18 identificada en los metadatos.
899c5722-45a0-4b5d-9f92-a4570259757a,Las cien mejores poesías líricas de la lengua castellana,las-cien-mejores-poesias-de-la-lengua-castellana-marcelino-menendez-pelayo,Marcelino Menéndez y Pelayo,Poesía,0,0,Sin categoría erótica ni obra +18 identificada en los metadatos.
44e490c3-1cb8-4b08-83cd-b769e936a710,Las Ciencias Ocultas en la Ciudad de Buenos Aires,las-ciencias-ocultas-en-la-ciudad-de-buenos-aires-roberto-arlt,Roberto Arlt,Cuentos,0,0,Sin categoría erótica ni obra +18 identificada en los metadatos.
b962fd31-70f9-4718-a0c1-e795d0adb1fe,Las cinco semillas de naranja,las-cinco-semillas-de-naranja-conan-doyle-arthur,Conan Doyle,Novela corta,0,0,Sin categoría erótica ni obra +18 identificada en los metadatos.
ed44a845-c758-43b2-afbf-bbeb17ebc7e6,Las Coéforas,las-coeforas-esquilo,Esquilo,Teatro,0,0,Sin categoría erótica ni obra +18 identificada en los metadatos.
ec263d84-f621-4fa4-b75a-3821797347eb,Las dos doncellas,las-dos-doncellas-cervantes-miguel,Miguel de Cervantes,Novela corta,0,0,Sin categoría erótica ni obra +18 identificada en los metadatos.
92a39563-d2a0-484c-9316-265f2b6b519a,Las Euménides,las-eumenides-esquilo,Esquilo,Teatro,0,0,Sin categoría erótica ni obra +18 identificada en los metadatos.
2416f9fe-258c-4ea1-ab04-c643ac4b2237,Las fenicias,las-fenicias-euripides,Euripides,Teatro,0,0,Sin categoría erótica ni obra +18 identificada en los metadatos.
cfadc650-833a-46cd-b9b5-1bb34ccb7316,Las Firmezas De Isabela Luis De Gongora,las-firmezas-de-isabela-luis-de-gongora,Luis de Góngora,Teatro,0,0,Sin categoría erótica ni obra +18 identificada en los metadatos.
b8a91225-2dd4-4176-85d0-8293f50a5abf,Las Florecillas de San Francisco,las-florecillas-de-san-francisco-anonimo,Anónimo,Religión,0,0,Sin categoría erótica ni obra +18 identificada en los metadatos.
acf4af22-7095-492d-879f-b6f830ade915,Las flores de la pequeña Ida,las-flores-de-la-pequena-ida-hans-christian-andersen,Hans Christian Andersen,Cuentos,0,0,Sin categoría erótica ni obra +18 identificada en los metadatos.
a03e5863-2d6f-45e4-8fe9-834b1856689b,Las flores del mal,las-flores-del-mal-baudelaire-charles,Charles Baudelaire,Antologías,0,0,Sin categoría erótica ni obra +18 identificada en los metadatos.
9f353ac5-d1a6-437c-8021-8bf1ac6ab262,Las Fuerzas Extrañas,las-fuerzas-extranas-leopoldo-lugones,Leopoldo Lugones,Cuentos,0,0,Sin categoría erótica ni obra +18 identificada en los metadatos.
83cee90d-b0ec-4169-adca-3c1cafe10c04,Las galeras de la honra,las-galeras-de-la-honra-agustin-moreto,Agustín Moreto,Teatro,0,0,Sin categoría erótica ni obra +18 identificada en los metadatos.
6a1b1455-57b9-4b16-9a28-68c29900a73b,Las Guerras de los Judíos,la-guerra-de-los-judios-flavio-josefo,Flavio Josefo,Historia,0,0,Sin categoría erótica ni obra +18 identificada en los metadatos.
559afc23-f758-4d9b-a713-cb8f4aef95ff,Las habichuelas mágicas,las-habichuelas-magicas-hans-christian-andersen,Hans Christian Andersen,Cuentos,0,0,Sin categoría erótica ni obra +18 identificada en los metadatos.
09021c61-e12e-4006-91ef-edfcb97f8eba,Las hermanas,las-hermanas-james-joyce,James Joyce,Cuentos,0,0,Sin categoría erótica ni obra +18 identificada en los metadatos.
a35487b8-89d4-492d-ba68-e172834d191a,Las Historias de Jean Marie Cabidoulin,las-historias-de-jean-marie-cabidoulin-verne-julio,Julio Verne,Literatura de viaje,0,0,Sin categoría erótica ni obra +18 identificada en los metadatos.
c24276e9-d548-4f77-a4fd-56e4a8851a07,Las indias negras,las-indias-negras-verne-julio,Julio Verne,Acción y aventura,0,0,Sin categoría erótica ni obra +18 identificada en los metadatos.
1f8d7c76-906b-4bca-b43e-a92d880f0c60,Las Ingenuas,las-ingenuas-felipe-trigo,Felipe Trigo,Ficción clásica,0,0,Sin categoría erótica ni obra +18 identificada en los metadatos.
dc4ccdb6-afe3-41e6-a564-77cb71fcb94f,Las instrucciones de Shuruppak,las-instrucciones-de-shuruppak-anonimo,Anónimo,Filosofía,0,0,Sin categoría erótica ni obra +18 identificada en los metadatos.
3ab8ea74-e4bf-4612-b6c9-42dca1f37444,Las lavanderas nocturnas,las-lavanderas-nocturnas-george-sand,George Sand,Cuentos,0,0,Sin categoría erótica ni obra +18 identificada en los metadatos.
ea7e728d-f073-4b08-b204-60643d734a85,Las Literatas,las-literatas-rosalia-de-castro,Rosalía de Castro,Ensayos,0,0,Sin categoría erótica ni obra +18 identificada en los metadatos.
5858dc7e-ab15-4c0d-94be-3a890aa09379,Las Maravillas Del Cielo,las-maravillas-del-cielo-roque-galvez-y-encinar,Roque Gálvez y Encinar,"Ciencias, Tecnología Y Medicina",0,0,Sin categoría erótica ni obra +18 identificada en los metadatos.
56af7aa8-92b4-4aaa-826a-56a57b501778,Las medias de los flamencos,las-medias-de-los-flamencos-horacio-quiroga,Horacio Quiroga,Cuentos,0,0,Sin categoría erótica ni obra +18 identificada en los metadatos.
9e232723-0345-46b1-b31c-ca0cc892ae17,Las medias rojas,las-medias-rojas-pardo-bazan-emilia,Emilia Pardo Bazán,Cuentos,0,0,Sin categoría erótica ni obra +18 identificada en los metadatos.
b31f1329-6758-4284-b8f0-182cd550a3e5,Las mejores tradiciones peruanas,las-mejores-tradiciones-peruanas-ricardo-palma,Ricardo Palma,Cuentos,0,0,Sin categoría erótica ni obra +18 identificada en los metadatos.
c1bf06f3-c109-43f8-8ba4-43ecc281fed0,Las Memorias de Sherlock Holmes,las-memorias-de-sherlock-holmes-conan-doyle-arthur,Arthur Conan Doyle(1),Acción y aventura,0,0,Sin categoría erótica ni obra +18 identificada en los metadatos.
66acd2b6-f38b-4618-9acd-49871e106f95,Las mil docenas,las-mil-docenas-jack-london,Jack London,Cuentos,0,0,Sin categoría erótica ni obra +18 identificada en los metadatos.
b1e48fdd-417e-4a0e-8ca6-a7ff74428a68,Las Moradas,las-moradas-santa-teresa-de-jesus,Santa Teresa de Jesús,Religión,0,0,Sin categoría erótica ni obra +18 identificada en los metadatos.
e1725926-030e-4134-b3db-858ef2c269e3,Las noches mejicanas,las-noches-mejicanas-gustave-aimard,Gustave Aimard,Ficción clásica,0,0,Sin categoría erótica ni obra +18 identificada en los metadatos.
f6e22bb3-55bd-4a99-af71-b3ea96204660,Las nubes,las-nubes-aristofanes,Aristófanes,Teatro,0,0,Sin categoría erótica ni obra +18 identificada en los metadatos.
233f2825-8b7d-4155-bc4d-461bb608b340,Las paredes oyen,las-paredes-oyen-juan-ruiz-de-alarcon,Juan Ruiz de Alarcón,Teatro,0,0,Sin categoría erótica ni obra +18 identificada en los metadatos.
19da3a18-6a31-424d-870e-dfeed06093df,Las pasiones del alma,las-pasiones-del-alma-rene-descartes,René Descartes,Filosofía,0,0,Sin categoría erótica ni obra +18 identificada en los metadatos.
a9473fe2-91d7-4fbe-9470-f0f8b3e46c61,Las penas del joven Werther,las-penas-del-joven-werther-goethe-wolfgang-johann,Goethe,,0,0,Sin categoría erótica ni obra +18 identificada en los metadatos.
7df5c3c0-8b8d-4018-ac45-83b9e7294554,Las pisadas misteriosas,las-pisadas-misteriosas-g-k-chesterton,G.  K.  Chesterton,Cuentos,0,0,Sin categoría erótica ni obra +18 identificada en los metadatos.
3b42931f-9cae-4351-ba0b-432e63008be1,Las pobres gentes,pobres-gentes-dostoyevski-fiodor,Fiódor Dostoyevski,Ficción clásica,0,0,Sin categoría erótica ni obra +18 identificada en los metadatos.
223c5410-0794-42e1-a4be-7c254b69331c,Las Preciosas Ridículas,las-preciosas-ridiculas-moliere,Molière,Teatro,0,0,Sin categoría erótica ni obra +18 identificada en los metadatos.
a545d536-358d-468d-a4bf-a2d0cc55ec6a,Las preocupaciones de un padre de familia,las-preocupaciones-de-un-padre-de-familia-kafka-franz,Franz Kafka,Cuentos,0,0,Sin categoría erótica ni obra +18 identificada en los metadatos.
60ff2707-a87e-4413-a7f1-bc0f202ada2c,Las princesas bailadoras,las-princesas-bailadoras-hermanos-grimm,Hermanos Grimm,Cuentos,0,0,Sin categoría erótica ni obra +18 identificada en los metadatos.
8890c42c-1741-4050-b8c1-97e98f572f75,Las profecías de Nostradamus,las-profecias-de-nostradamus-nostradamus,Nostradamus,Historia,0,0,Sin categoría erótica ni obra +18 identificada en los metadatos.
dc27acee-21d2-4d9e-b286-4b4a94332e56,Las Puertas del Infierno,las-puertas-del-infierno-washington-irving,Washington Irving,Cuentos,0,0,Sin categoría erótica ni obra +18 identificada en los metadatos.
745e0b41-ddb3-45fa-8208-88cb5d92ecf5,Las ratas de las paredes,las-ratas-de-las-paredes-h-p-lovecraft,H. P. Lovecraft,Terror,0,0,Sin categoría erótica ni obra +18 identificada en los metadatos.
1d670a4c-2162-466a-8174-74473fbcd095,Las siete tragedias,las-siete-tragedias-sofocles,Sófocles,Teatro,0,0,Sin categoría erótica ni obra +18 identificada en los metadatos.
ee0e787e-7e11-4934-a14d-81036e87d70d,Las Suplicantes,las-suplicantes-esquilo,Esquilo,Teatro,0,0,Sin categoría erótica ni obra +18 identificada en los metadatos.
451f094f-199f-443e-bb66-34e912e74288,Las tinieblas y otros cuentos,las-tinieblas-y-otros-cuentos-leonid-andreiev,Leonid Andréiev,Novela corta,0,0,Sin categoría erótica ni obra +18 identificada en los metadatos.
1ebf12a6-40ed-41a7-be8f-63a327fb015f,Las traquinias,las-traquinias-sofocles,Sófocles,Teatro,0,0,Sin categoría erótica ni obra +18 identificada en los metadatos.
578d2155-4ca1-4933-9811-1a87c49edd8d,Las Tres Hilanderas,las-tres-hilanderas-hermanos-grimm,Hermanos Grimm,Cuentos,0,0,Sin categoría erótica ni obra +18 identificada en los metadatos.
ea9b8324-a742-409f-8bb8-a6475749d719,Las tres hojas de la serpiente,las-tres-hojas-de-la-serpiente-hermanos-grimm,Hermanos Grimm,Cuentos,0,0,Sin categoría erótica ni obra +18 identificada en los metadatos.
d38f2bec-7285-4b08-bfc4-239b7e0b0395,Las tres plumas,las-tres-plumas-hermanos-grimm,Hermanos Grimm,Cuentos,0,0,Sin categoría erótica ni obra +18 identificada en los metadatos.
85a9b5d3-e3bb-40d8-ba6a-f3b71f9aaea0,Las tres preguntas,las-tres-preguntas-tolstoi-leon,León Tolstói,Cuentos,0,0,Sin categoría erótica ni obra +18 identificada en los metadatos.
9dd8f824-83b3-4d67-adf3-b8bff4e04874,Las troyanas,las-troyanas-euripides,Euripides,Teatro,0,0,Sin categoría erótica ni obra +18 identificada en los metadatos.
02d63567-2eff-4023-be2b-fce98de50799,Las veladas del tropero,las-veladas-del-tropero-godofredo-daireaux,Godofredo Daireaux,,0,0,Sin categoría erótica ni obra +18 identificada en los metadatos.
abea794b-c890-4643-ab6a-05971831a19d,Lecturas infantiles,lecturas-infantiles-jose-ortega-munilla,José  Ortega Munilla,Cuentos,0,0,Sin categoría erótica ni obra +18 identificada en los metadatos.
14faa1e5-d7a6-4660-864e-24732afd04d0,Lélia,lelia-george-sand,George Sand,Ficción clásica,0,0,Sin categoría erótica ni obra +18 identificada en los metadatos.
d90d906d-2820-41e1-83d4-a2b15981c1b0,Leporella,leporella-zweig-stefan,Stefan Zweig,Cuentos,0,0,Sin categoría erótica ni obra +18 identificada en los metadatos.
2c506b18-74e4-4fba-ad0a-8500d963604f,Leviatán,leviatan-thomas-hobbes,Thomas Hobbes,Filosofía,0,0,Sin categoría erótica ni obra +18 identificada en los metadatos.
90e8bd43-bd54-4b29-b792-2ab58c66e45b,Leyenda de la rosa de la Alhambra,la-leyenda-de-la-rosa-de-la-alhambra-washington-irving,Washington Irving,"Mitos, leyendas y sagas",0,0,Sin categoría erótica ni obra +18 identificada en los metadatos.
63a2364f-766d-463f-9844-0e436f47f79c,Leyendas,leyendas-gustavo-adolfo-becquer,Gustavo Adolfo Bécquer,Ficción contemporánea,0,0,Sin categoría erótica ni obra +18 identificada en los metadatos.
ad4bbc16-ac05-442f-948c-c3aa4cc8bb50,Leyes de Manu,leyes-de-manu-anonimo,Anónimo,Filosofía,0,0,Sin categoría erótica ni obra +18 identificada en los metadatos.
3613411c-2a55-4258-9a0f-0a63924477f2,Libertad de la voluntad y fatum,libertad-de-la-voluntad-y-fatum-friedrich-nietzsche,Friedrich Nietzsche,Filosofía,0,0,Sin categoría erótica ni obra +18 identificada en los metadatos.
ca0dfea3-2055-4c26-9a18-113e479a2337,Libro de Buen Amor,libro-de-buen-amor-arcipreste-de-hita,Juan Ruiz,Poesía,0,0,Sin categoría erótica ni obra +18 identificada en los metadatos.
873b3486-f385-408e-a97e-4f0260ac9eac,Libro de las Categorías,libro-de-las-categorias-aristoteles,Aristóteles,Filosofía,0,0,Sin categoría erótica ni obra +18 identificada en los metadatos.
a2fb2d82-a5cf-4e51-89c6-0744c1ee066e,Libro de los Salmos,libro-de-los-salmos-varios-autores,Varios autores,Religión,0,0,Sin categoría erótica ni obra +18 identificada en los metadatos.
9c9a7c86-db01-4146-90b7-8f2dbc4ddbc8,Libro de poemas,libro-de-poemas-garcia-lorca-federico,Federico García Lorca,Poesía,0,0,Sin categoría erótica ni obra +18 identificada en los metadatos.
2fc44797-75dd-4842-acc3-22569df696bc,Lieders,lieders-rosalia-de-castro,Rosalía de Castro,Ensayos,0,0,Sin categoría erótica ni obra +18 identificada en los metadatos.
a3b201b2-0244-497a-a4ed-b48f01cedfe2,Ligeia,ligeia-allan-poe-edgar,Edgar Allan Poe,Cuentos,0,0,Sin categoría erótica ni obra +18 identificada en los metadatos.
0b90f611-855f-4ad3-bd07-eb760905383b,Lisis,lisis-platon,Platón,Filosofía,0,0,Sin categoría erótica ni obra +18 identificada en los metadatos.
1c32f585-f715-439e-8779-aac444dcdb8b,Lisístrata,lisistrata-aristofanes,Aristófanes,Teatro,0,0,Sin categoría erótica ni obra +18 identificada en los metadatos.
45df5a68-a9d1-4e4a-9d32-b8cc864fc09f,Llanto por Ignacio Sánchez Mejías,llanto-por-ignacio-sanchez-mejias-garcia-lorca-federico,Federico García Lorca,Poesía,0,0,Sin categoría erótica ni obra +18 identificada en los metadatos.
05e7abdc-5bbc-4ec5-8b8e-2403d7f497bf,Lo absoluto,lo-absoluto-ramon-de-campoamor,Ramón de Campoamor,Filosofía,0,0,Sin categoría erótica ni obra +18 identificada en los metadatos.
b7f7ba8e-5c7d-44e1-b037-3c8b8231d1b9,Lo bello y lo sublime: ensayo de estética y moral,lo-bello-y-lo-sublime-immanuel-kant,Immanuel Kant,Filosofía,0,0,Sin categoría erótica ni obra +18 identificada en los metadatos.
0dd80686-d774-4da0-a18f-ba8e78fc7c33,Lo Inconsciente,lo-inconsciente-sigmund-freud,Sigmund Freud,"Ciencias, Tecnología Y Medicina",0,0,Sin categoría erótica ni obra +18 identificada en los metadatos.
66799e2d-6f3a-4cfb-82e3-176b79515436,"Lo malo atrae, pero lo bueno perdura",lo-malo-atrae-pero-lo-bueno-perdura-tolstoi-leon,León Tolstoi,Cuentos,0,0,Sin categoría erótica ni obra +18 identificada en los metadatos.
e8d04d19-18b8-4f81-909b-2e8252b61c0b,Lo prohibido,lo-prohibido-benito-perez-galdos,Benito Pérez Galdós,Ficción contemporánea,0,0,Sin categoría erótica ni obra +18 identificada en los metadatos.
225d01ab-c136-4c26-b784-89fcd817f260,Lo que la tortuga le dijo a Aquiles,lo-que-la-tortuga-le-dijo-a-aquiles-carroll-lewis,Lewis Carroll,Cuentos,0,0,Sin categoría erótica ni obra +18 identificada en los metadatos.
09c907eb-8ce1-4eb6-95f9-7b66eec2ed11,Lo que se oye desde una silla de El Prado,lo-que-se-oye-desde-una-silla-de-el-prado-de-alarcon-pedro-antonio,Pedro Antonio de Alarcón,Novela corta,0,0,Sin categoría erótica ni obra +18 identificada en los metadatos.
b9b2c9c5-b7c6-468b-922a-ad6795067bb8,Lógica de Kant,logica-de-kant-immanuel-kant,Immanuel Kant,Filosofía,0,0,Sin categoría erótica ni obra +18 identificada en los metadatos.
fe69787b-3401-4c7b-b13d-e01ee9b3bd8b,Los 120 días de Sodoma,los-120-dias-de-sodoma-marques-de-sade,Marqués de Sade,Ficción erótica,0,18,Categoría editorial de ficción erótica: requiere 18 años o más.
a3297471-474b-4245-b446-3f2add51006e,Los amantes de Teruel,los-amantes-de-teruel-juan-eugenio-hartzenbusch,Juan Eugenio Hartzenbusch,Romántica,0,0,Sin categoría erótica ni obra +18 identificada en los metadatos.
5f10345a-3dab-4f87-b3e2-88fc39c30fa0,Los amotinados de la Bounty,los-amotinados-de-la-bounty-verne-julio,Julio Verne,Acción y aventura,0,0,Sin categoría erótica ni obra +18 identificada en los metadatos.
5ec526fb-4221-4649-8a82-48d07c0cefa9,Los años de aprendizaje de Wilhelm Meister,los-anos-de-aprendizaje-de-wilhelm-meister-goethe-wolfgang-johann,Goethe,,0,0,Sin categoría erótica ni obra +18 identificada en los metadatos.
8c1bcbbf-4cf7-4a3e-b8d7-23ee1fc42c72,Los anticuarios,los-anticuarios-carmen-de-burgos,Carmen de Burgos,Novela corta,0,0,Sin categoría erótica ni obra +18 identificada en los metadatos.
d5767ae4-8e65-4868-88d9-3b5b8b79d8be,Los Apóstoles,los-apostoles-ernest-renan,Ernest Renan,Historia,0,0,Sin categoría erótica ni obra +18 identificada en los metadatos.
c234958d-3fab-447a-8dc4-afe9a17b6520,Los apostólicos,los-apostolicos-benito-perez-galdos,Benito Pérez Galdós,Ficción contemporánea,0,0,Sin categoría erótica ni obra +18 identificada en los metadatos.
88fffbda-6e64-48ea-80fc-78c060d0fb16,Los argonautas,los-argonautas-vicente-blasco-ibanez,Vicente Blasco Ibáñez,Novela corta,0,0,Sin categoría erótica ni obra +18 identificada en los metadatos.
59752b98-6b4b-42b3-8f35-9ec8e67b8482,Los bailarines,los-bailarines-conan-doyle-arthur,Arthur Conan Doyle,Novela corta,0,0,Sin categoría erótica ni obra +18 identificada en los metadatos.
97a4a578-93a0-4e58-8049-f4132bb9f0fe,Los Bandidos de Río Frío,los-bandidos-de-rio-frio-manuel-payno,Manuel Payno,Ficción contemporánea,0,0,Sin categoría erótica ni obra +18 identificada en los metadatos.
0179db87-c177-47a2-ae6d-68e1472b777b,Los buscadores de tesoros,los-buscadores-de-tesoros-washington-irving,Washington Irving,Acción y aventura,0,0,Sin categoría erótica ni obra +18 identificada en los metadatos.
47355f22-6c40-4f2d-9c7f-e965fa4b8686,Los cabellos de Absalón,los-cabellos-de-absalon-calderon-de-la-barca-pedro,Calderon de la Barca,Teatro,0,0,Sin categoría erótica ni obra +18 identificada en los metadatos.
b2b2cd63-0b83-4d54-8692-a5b34dfa716b,Los caciques,los-caciques-carlos-arniches-barrera,Carlos Arniches,Teatro,0,0,Sin categoría erótica ni obra +18 identificada en los metadatos.
ca004fe2-8e81-4c4c-a09f-76ab88851fc3,Los caminos para el éxito,los-caminos-para-el-exito-aureliano-abenza,Aureliano Abenza y Rodríguez,Ensayos,0,0,Sin categoría erótica ni obra +18 identificada en los metadatos.
be575008-3443-40ea-9155-4eb475138de3,Los campesinos,los-campesinos-anton-chejov,Antón Chéjov,Novela corta,0,0,Sin categoría erótica ni obra +18 identificada en los metadatos.
ee78bc5c-2edf-45cd-a347-19a3c8602f28,Los cien mil hijos de San Luis,los-cien-mil-hijos-de-san-luis-benito-perez-galdos,Benito Pérez Galdós,Ficción contemporánea,0,0,Sin categoría erótica ni obra +18 identificada en los metadatos.
dd8297be-1124-4e73-888c-e53e7ffdf31b,Los cimientos de la felicidad y el éxito,los-cimientos-de-la-felicidad-y-el-exito-james-allen,James Allen,Autoayuda Y Superación Personal,0,0,Sin categoría erótica ni obra +18 identificada en los metadatos.
b4a80495-1e3f-45af-b702-227eea51213c,Los cisnes salvajes,los-cisnes-salvajes-hans-christian-andersen,Hans Christian Andersen,Cuentos,0,0,Sin categoría erótica ni obra +18 identificada en los metadatos.
5fd0164c-f6e4-444a-95fa-6e8d6e93a75a,Los colonos de Silverado,los-colonos-de-silverado-robert-louis-stevenson,Robert Louis Stevenson,Acción y aventura,0,0,Sin categoría erótica ni obra +18 identificada en los metadatos.
3fbb7690-0d52-4f4a-82bf-708d0946d695,Los consuelos,los-consuelos-esteban-echeverria,Esteban Echeverría,Poesía,0,0,Sin categoría erótica ni obra +18 identificada en los metadatos.
55fb992c-6d99-4537-bb05-4abc29381690,Los crimenes de la calle Morgue,los-crimenes-de-la-calle-morgue-allan-poe-edgar,Edgar Allan Poe,"Policíaca, negra y suspense",0,0,Sin categoría erótica ni obra +18 identificada en los metadatos.
f1795435-1fb9-4d61-9195-b3d22aa71610,Los cuentos de Canterbury,los-cuentos-de-canterbury-geoffrey-chaucer,Geoffrey Chaucer,Cuentos,0,0,Sin categoría erótica ni obra +18 identificada en los metadatos.
1da7a33c-fc9a-4b26-b9aa-96895b35aadf,Los deseos ridículos,los-deseos-ridiculos-charles-perrault,Charles Perrault,Cuentos,0,0,Sin categoría erótica ni obra +18 identificada en los metadatos.
980c4f86-f983-469d-8668-37240975e6e9,Los desterrados,los-desterrados-horacio-quiroga,Horacio Quiroga,Cuentos,0,0,Sin categoría erótica ni obra +18 identificada en los metadatos.
865886e1-45dc-4f5c-8ec8-9d23dd2569e7,Los destiladores de naranja,los-destiladores-de-naranja-horacio-quiroga,Horacio Quiroga,Cuentos,0,0,Sin categoría erótica ni obra +18 identificada en los metadatos.
28df686d-c3d5-4918-9479-25974db265d5,Los dioses de la Pampa,los-dioses-de-la-pampa-godofredo-daireaux,Godofredo Daireaux,,0,0,Sin categoría erótica ni obra +18 identificada en los metadatos.
94461c62-1f09-4260-a437-b590bc5b971c,Los Dioses de la Tierra,los-dioses-de-la-tierra-khalil-gibran,Gibran Khalil Gibran,Ficción religiosa y espiritual,0,0,Sin categoría erótica ni obra +18 identificada en los metadatos.
066790ba-8ec0-4de7-b805-a09a71600a0e,Los doce cazadores,los-doce-cazadores-hermanos-grimm,Hermanos Grimm,Cuentos,0,0,Sin categoría erótica ni obra +18 identificada en los metadatos.
57f36165-6a0c-46e9-870a-51d5dd753515,Los dolores del mundo,los-dolores-del-mundo-arthur-schopenhauer,Arthur Schopenhauer,Filosofía,0,0,Sin categoría erótica ni obra +18 identificada en los metadatos.
bce43e06-ece3-4ac9-8125-a7bb91216502,Los Dos Consolados,los-dos-consolados-voltaire,Voltaire,Cuentos,0,0,Sin categoría erótica ni obra +18 identificada en los metadatos.
1d63b594-2f2c-4a30-850b-1f0c111e354a,Los dos hermanitos,los-dos-hermanitos-hermanos-grimm,Hermanos Grimm,Cuentos,0,0,Sin categoría erótica ni obra +18 identificada en los metadatos.
d38a9168-a713-41db-b9cb-4786f7904677,Los dos hermanos y el oro,los-dos-hermanos-y-el-oro-tolstoi-leon,León Tólstoi,Cuentos,0,0,Sin categoría erótica ni obra +18 identificada en los metadatos.
9cb6e5cd-b9b9-43ec-a988-de755d060195,Los dos hidalgos de Verona,los-dos-hidalgos-de-verona-shakespeare-william,William Shakesperare,Teatro,0,0,Sin categoría erótica ni obra +18 identificada en los metadatos.
e468dc8f-f9a4-4582-8a31-76c5a0dbe839,Los empeños de una casa,los-empenos-de-una-casa-sor-juana-ines-de-la-cruz,Sor Juana Inés de la Cruz,Teatro,0,0,Sin categoría erótica ni obra +18 identificada en los metadatos.
a9ecc043-d279-429a-b421-f35da32e560e,Los enanitos mágicos,los-enanitos-magicos-hermanos-grimm,Hermanos Grimm,Cuentos,0,0,Sin categoría erótica ni obra +18 identificada en los metadatos.
3fa95a46-3549-4c5f-ac68-745344cd472c,Los encantos de la culpa,los-encantos-de-la-culpa-calderon-de-la-barca-pedro,Calderon de la Barca,Teatro,0,0,Sin categoría erótica ni obra +18 identificada en los metadatos.
34e38a29-be5f-472a-9d83-f5a1919d963d,Los enemigos de la mujer,los-enemigos-de-la-mujer-vicente-blasco-ibanez,Vicente Blasco Ibáñez,Novela corta,0,0,Sin categoría erótica ni obra +18 identificada en los metadatos.
dc42d6df-a679-4c52-acbd-cd1d34ae9e93,Los engranajes,los-engranajes-ryunosuke-akutagawa,Ryūnosuke Akutagawa,,0,0,Sin categoría erótica ni obra +18 identificada en los metadatos.
b626f529-0f59-40e3-b5a5-a4dbe5d118b9,Los espectros,los-espectros-novelas-breves-leonid-andreiev,Leonid Andréiev,Novela corta,0,0,Sin categoría erótica ni obra +18 identificada en los metadatos.
4d7f62d7-63ba-4b6d-94fe-058bba2dd271,Los Extraviados,los-extraviados-anton-chejov,Anton Pavlovich Chejov,Cuentos,0,0,Sin categoría erótica ni obra +18 identificada en los metadatos.
72aedb68-d76a-40cc-a5a2-6fca4f8a2482,Los favores del mundo,los-favores-del-mundo-juan-ruiz-de-alarcon,Juan Ruiz de Alarcón,Teatro,0,0,Sin categoría erótica ni obra +18 identificada en los metadatos.
44d2901e-2f55-4b81-8eb0-8069c8a25bcb,Los fuegos fatuos,los-fuegos-fatuos-george-sand,George Sand,Cuentos,0,0,Sin categoría erótica ni obra +18 identificada en los metadatos.
eb29c098-5e2b-4aea-83e4-ed32f8345668,Los gatos de Ulthar,los-gatos-de-ulthar-h-p-lovecraft,H. P. Lovecraft,Fantasía,0,0,Sin categoría erótica ni obra +18 identificada en los metadatos.
a9837edf-e086-4409-acfb-52b7b5d24963,Los hacendados de Reigate,los-hacendados-de-reigate-conan-doyle-arthur,Arthur Conan Doyle,Cuentos,0,0,Sin categoría erótica ni obra +18 identificada en los metadatos.
0657f19f-e918-4698-958e-7baeefc0bf54,Los hechos en el caso de M. Valdemar,la-verdad-sobre-el-caso-del-senor-valdemar-allan-poe-edgar,Edgar Allan Poe,Cuentos,0,0,Sin categoría erótica ni obra +18 identificada en los metadatos.
1affff21-f5e9-44a8-acad-b70d5bbf897a,Los heraldos negros,los-heraldos-negros-cesar-vallejo,César Vallejo,Poesía,0,0,Sin categoría erótica ni obra +18 identificada en los metadatos.
bc04fd49-9730-41ab-ad38-6054d4f23c27,Los hermanos corsos,los-hermanos-corsos-alejandro-dumas-hijo,Alejandro Dumas,Ficción histórica,0,0,Sin categoría erótica ni obra +18 identificada en los metadatos.
de811662-14e8-4726-9e0b-107936b798d1,Los hermanos de Mowgli,los-hermanos-de-mowgli-rudyard-kipling,Rudyard Kipling,Cuentos,0,0,Sin categoría erótica ni obra +18 identificada en los metadatos.
45263563-7ca1-4836-a06a-820637463aee,Los hombres de Forty Mile,los-hombres-de-forty-mile-jack-london,Jack London,Cuentos,0,0,Sin categoría erótica ni obra +18 identificada en los metadatos.
c8e2e71f-9dcd-4694-961c-6d949b23f16d,Los Hombres Que Estan De Mas,los-hombres-que-estan-de-mas-anton-chejov,Anton Pavlovich Chejov,Cuentos,0,0,Sin categoría erótica ni obra +18 identificada en los metadatos.
256b001b-d84e-43ba-92ea-8c3579e89a8b,Los jardines interiores,los-jardines-interiores-amado-nervo,Amado Nervo,Poesía,0,0,Sin categoría erótica ni obra +18 identificada en los metadatos.
4128f291-953f-4f56-9a0f-67221d1b5658,Los Lanzallamas,los-lanzallamas-roberto-arlt,Roberto Arlt,Ficción clásica,0,0,Sin categoría erótica ni obra +18 identificada en los metadatos.
c9979835-9313-4103-943b-06356647a07f,Los Lusiadas,los-lusiadas-luis-de-camoes,Luis de Camóes,Poesía,0,0,Sin categoría erótica ni obra +18 identificada en los metadatos.
cff1e2b9-c2dd-46a9-bb71-3c5cd4184c66,Los manuscritos de mi padre,los-manuscritos-de-mi-padre-ramon-de-campoamor,Ramón de Campoamor,Ficción histórica,0,0,Sin categoría erótica ni obra +18 identificada en los metadatos.
e451f917-cc42-4b74-9910-99893aaf80b8,Los Merodeadores de Fronteras,los-merodeadores-de-fronteras-gustave-aimard,Gustave Aimard,Acción y aventura,0,0,Sin categoría erótica ni obra +18 identificada en los metadatos.
a476d738-59dd-49c8-b864-d85be1091e96,Los miserables,los-miserables-hugo-victor,Autor Desconocido,Antologías,0,0,Sin categoría erótica ni obra +18 identificada en los metadatos.
130f1ec6-91db-41bc-8dce-34965caf1ce9,Los Muchachos de Jo,los-muchachos-de-jo-alcott-louisa-may,Louisa May Alcott,Ficción clásica,0,0,Sin categoría erótica ni obra +18 identificada en los metadatos.
cec4fae1-7e95-4d44-af3d-c57a045bd65f,Los muertos,los-muertos-james-joyce,James Joyce,Novela corta,0,0,Sin categoría erótica ni obra +18 identificada en los metadatos.
75c8c2d8-e136-4939-9e15-55dbcf3eb213,Los muertos mandan,los-muertos-mandan-vicente-blasco-ibanez,Vicente Blasco Ibáñez,Ficción clásica,0,0,Sin categoría erótica ni obra +18 identificada en los metadatos.
5dea8d54-af3a-446c-b90f-d3603aadc2c1,Los náufragos del Jonathan,los-naufragos-del-jonathan-verne-julio,Julio Verne,Acción y aventura,0,0,Sin categoría erótica ni obra +18 identificada en los metadatos.
c401694a-5ad2-41c4-b64b-95ba36d16b88,Los nueve libros de la Historia,los-nueve-libros-de-la-historia-herodoto,Heródoto,"Biografías, Diarios Y Hechos Reales",0,0,Sin categoría erótica ni obra +18 identificada en los metadatos.
b3d49c94-a015-4d5c-baff-fa266dbe5028,Los ocho pilares de la prosperidad,los-ocho-pilares-de-la-prosperidad-james-allen,James Allen,Autoayuda Y Superación Personal,0,0,Sin categoría erótica ni obra +18 identificada en los metadatos.
e648b239-9aca-4669-853d-4eb99b448b63,Los ojos verdes,los-ojos-verdes-gustavo-adolfo-becquer,Gustavo Adolfo Bécquer,Cuentos,0,0,Sin categoría erótica ni obra +18 identificada en los metadatos.
55b17485-f9c2-45d1-b1ac-7de81f669ced,Los otros dioses,los-otros-dioses-h-p-lovecraft,H. P. Lovecraft,Terror,0,0,Sin categoría erótica ni obra +18 identificada en los metadatos.
a9a20a79-45bd-4d20-969f-5ea3bb3d8cf4,Los pazos de Ulloa,los-pazos-de-ulloa-pardo-bazan-emilia,Emilia Pardo Bazán,Ficción histórica,0,0,Sin categoría erótica ni obra +18 identificada en los metadatos.
8107db2d-5cee-4f52-a2c1-813d595c7c01,Los pequeños poemas,los-pequenos-poemas-ramon-de-campoamor,Ramón de Campoamor,Poesía,0,0,Sin categoría erótica ni obra +18 identificada en los metadatos.
0065b57c-08d8-4fcd-bdea-c556c31a8db5,Los persas,los-persas-esquilo,Esquilo,Teatro,0,0,Sin categoría erótica ni obra +18 identificada en los metadatos.
ee465a96-f231-4735-b9ab-4a0be2ae7eca,"Los pescadores de ""Trépang""",los-pescadores-de-trepang-emilio-salgari,Emilio Salgari,Acción y aventura,0,0,Sin categoría erótica ni obra +18 identificada en los metadatos.
a4837409-d4b1-4fb9-a665-1789d88cd101,Los planos del Bruce Partintong,los-planos-del-bruce-partington-conan-doyle-arthur,Arthur Conan Doyle,Novela corta,0,0,Sin categoría erótica ni obra +18 identificada en los metadatos.
5584219e-6d29-4f9b-8e1e-8f8e8800f733,Los protocolos de los sabios de sion,los-protocolos-de-los-sabios-de-sion-sergei-nilus,Sergei Nilus,Sociedad Y Ciencias Sociales,0,0,Sin categoría erótica ni obra +18 identificada en los metadatos.
0ded065d-700a-4221-bf3f-28b3a15a6fb4,Los Sangurimas,los-sangurimas-jose-de-la-cuadra,José de la Cuadra,Novela corta,0,0,Sin categoría erótica ni obra +18 identificada en los metadatos.
09b8c5af-0070-4662-9b30-0d7c3565f950,Los siete contra Tebas,los-siete-contra-tebas-esquilo,Esquilo,Teatro,0,0,Sin categoría erótica ni obra +18 identificada en los metadatos.
4a8c45e3-9b56-45c5-895e-8a6b9ae8c52c,Los Siete Locos,los-siete-locos-roberto-arlt,Roberto Arlt,Ficción contemporánea,0,0,Sin categoría erótica ni obra +18 identificada en los metadatos.
83d647d3-3f0a-4b04-9f06-45c6ee854f17,Los sueños,los-suenos-de-quevedo-francisco,Francisco de Quevedo,Poesía,0,0,Sin categoría erótica ni obra +18 identificada en los metadatos.
eaf995ec-7897-4ae8-9953-d901cee112d2,Los títeres de cachiporra,los-titeres-de-cachiporra-garcia-lorca-federico,Federico García Lorca,Teatro,0,0,Sin categoría erótica ni obra +18 identificada en los metadatos.
77d87855-b518-4d69-8081-69b20da25bfe,Los Trabajos de Persiles y Sigismunda,los-trabajos-de-persiles-y-sigismunda-cervantes-miguel,Miguel de Cervantes Saavedra,Ficción clásica,0,0,Sin categoría erótica ni obra +18 identificada en los metadatos.
ace04ecc-da04-4e1f-bcea-b1b9f768d389,Los tres cerditos,los-tres-cerditos-joseph-jacobs,Joseph Jacobs,Cuentos,0,0,Sin categoría erótica ni obra +18 identificada en los metadatos.
ce5a2ec2-cf7e-49ed-92be-b895546b2110,Los tres desconocidos,los-tres-desconocidos-thomas-hardy,Thomas Hardy,Cuentos,0,0,Sin categoría erótica ni obra +18 identificada en los metadatos.
44a0d953-99c5-409e-aab0-0cbe4532b85b,Los tres mosqueteros,los-tres-mosqueteros-alejandro-dumas-padre,Alejandro Dumas,Ficción clásica,0,0,Sin categoría erótica ni obra +18 identificada en los metadatos.
ad79b4c6-1f25-4c73-bab5-a7069e59345a,Los tres pelos de oro del diablo,los-tres-pelos-de-oro-del-diablo-hermanos-grimm,Hermanos Grimm,Cuentos,0,0,Sin categoría erótica ni obra +18 identificada en los metadatos.
e01c3007-0d54-4e8e-a3a7-961c4ae7d9e9,Los últimos días de John Brown,los-ultimos-dias-de-john-brown-henry-david-thoreau,Henry David Thoreau,Ensayos,0,0,Sin categoría erótica ni obra +18 identificada en los metadatos.
ec785642-482c-40c8-a7bf-577a1836d9b5,Los versos de oro,versos-de-oro-pitagoras,Pitágoras,Filosofía,0,0,Sin categoría erótica ni obra +18 identificada en los metadatos.
7a372092-6a9b-4374-a911-f4c32bf92073,Los viajes de Gulliver,los-viajes-de-gulliver-jonathan-swift,Jonathan Swift,Acción y aventura,0,0,Sin categoría erótica ni obra +18 identificada en los metadatos.
da1f98c4-3207-42cc-8b06-deb514bfdc35,Los zapatos rojos,los-zapatos-rojos-hans-christian-andersen,Hans Christian Andersen,Cuentos,0,0,Sin categoría erótica ni obra +18 identificada en los metadatos.
b09c5eca-13c6-4aa5-a516-659ebd878b34,Lote Número 249,lote-numero-249-conan-doyle-arthur,Arthur Conan Doyle,Terror,0,0,Sin categoría erótica ni obra +18 identificada en los metadatos.
1eb86213-611a-46b7-b4ae-8b8d62e989c3,Luces De Bohemia Ramon Maria Del Valle Inclan,luces-de-bohemia-ramon-maria-del-valle-inclan,Autor Desconocido,Teatro,0,0,Sin categoría erótica ni obra +18 identificada en los metadatos.
0dcb7140-0f2a-4d19-9c68-92ed96408f61,Lucía Miranda,lucia-miranda-rosa-guerra,Rosa  Guerra,Novela corta,0,0,Sin categoría erótica ni obra +18 identificada en los metadatos.
e397e22e-9836-409e-819a-3b26abf12b80,Lunes o martes,lunes-o-martes-woolf-virginia,Virginia Woolf,Novela corta,0,0,Sin categoría erótica ni obra +18 identificada en los metadatos.
7a02a0a8-14d2-499b-872e-e065d3cffba5,Macbeth,macbeth-shakespeare-william,William Shakespeare,Teatro,0,0,Sin categoría erótica ni obra +18 identificada en los metadatos.
7dde4b54-d3fb-413f-97b4-66b92ee1dadf,Madame Bovary,madame-bovary-gustave-flaubert,Gustave Flaubert,Ficción clásica,0,0,Sin categoría erótica ni obra +18 identificada en los metadatos.
a42a7218-b15f-4b22-bc6d-3bc277deb0cd,Maese Pérez el Organista,maese-perez-el-organista-gustavo-adolfo-becquer,Gustavo Adolfo Bécquer,Cuentos,0,0,Sin categoría erótica ni obra +18 identificada en los metadatos.
e706877d-7c5d-41c2-8f38-c4b3124f3b40,Maggie: una chica de la calle,maggie-una-chica-de-la-calle-stephen-crane,Stephen Crane,Novela corta,0,0,Sin categoría erótica ni obra +18 identificada en los metadatos.
fa87e0f5-62ef-44f2-8c4f-4787c547fced,Malva y otros cuentos,malva-y-otros-cuentos-maximo-gorki,Máximo Gorki,,0,0,Sin categoría erótica ni obra +18 identificada en los metadatos.
940f2d3f-e8eb-46f9-b32d-75247c33ce4f,Mañanas de abril y mayo,mananas-de-abril-y-mayo-calderon-de-la-barca-pedro,Pedro Calderón de la Barca,Teatro,0,0,Sin categoría erótica ni obra +18 identificada en los metadatos.
7c05b1a1-e95b-4871-b6f9-ffe8591fb653,Manfredo,manfredo-lord-byron,Lord Byron,Teatro,0,0,Sin categoría erótica ni obra +18 identificada en los metadatos.
67572346-1ac8-4c16-bc57-b1b95c3de945,Manifiesto Comunista,manifiesto-comunista-marx-karl,Karl Marx y Friedrich Engels,Política,0,0,Sin categoría erótica ni obra +18 identificada en los metadatos.
3c6fbc66-0a44-4dec-b2a4-1a961a2fc3d3,Manon Lescaut,manon-lescaut-abate-prevost,Abate Prévost,Romántica,0,0,Sin categoría erótica ni obra +18 identificada en los metadatos.
c221002d-4f09-454e-a3d5-7ac6dad9b670,Mansfield Park,mansfield-park-jane-austen,Jane Austen,Ficción clásica,0,0,Sin categoría erótica ni obra +18 identificada en los metadatos.
13f48488-74c2-4911-8723-873e089f549b,Manuscrito hallado en una botella,manuscrito-hallado-en-una-botella-allan-poe-edgar,Edgar Allan Poe,Acción y aventura,0,0,Sin categoría erótica ni obra +18 identificada en los metadatos.
be34ff1d-c2ab-4c7a-9748-4555f20fa13b,Maravillosas aventuras de Antifer,maravillosas-aventuras-de-antifer-verne-julio,Jules Verne,Literatura de viaje,0,0,Sin categoría erótica ni obra +18 identificada en los metadatos.
a27f33ca-1017-4776-bed3-55c18f8e186e,Mare nostrum,mare-nostrum-vicente-blasco-ibanez,Vicente Blasco Ibáñez,Ficción clásica,0,0,Sin categoría erótica ni obra +18 identificada en los metadatos.
3c02355f-2487-4782-b355-fe0e9569e75a,María,maria-jorge-isaacs,Jorge Isaacs,Romántica,0,0,Sin categoría erótica ni obra +18 identificada en los metadatos.
5eae225d-9a0b-43a8-869d-d13c9cddf787,María Antonieta,maria-antonieta-zweig-stefan,Stefan Zweig,"Biografías, Diarios Y Hechos Reales",0,0,Sin categoría erótica ni obra +18 identificada en los metadatos.
89fa43b5-f210-4f33-b74b-0296e7e59081,María Tudor,maria-tudor-hugo-victor,Victor Hugo,Teatro,0,0,Sin categoría erótica ni obra +18 identificada en los metadatos.
9c9ef3b7-01c9-46d3-8b11-33d3ef74bfc1,Mariana Pineda,mariana-pineda-garcia-lorca-federico,Federico García Lorca,Teatro,0,0,Sin categoría erótica ni obra +18 identificada en los metadatos.
6969e380-6ad5-45d7-86d1-c9f51381dd9a,Marianela,marianela-benito-perez-galdos,Benito Pérez Galdós,Ficción contemporánea,0,0,Sin categoría erótica ni obra +18 identificada en los metadatos.
1096a3a3-d121-4f4c-be97-ac0d7c6d645b,Marius,marius-hugo-victor,Victor Hugo,Ficción histórica,0,0,Sin categoría erótica ni obra +18 identificada en los metadatos.
414d1724-04c3-4e0e-9f57-727f8c6ada77,Markheim,markheim-robert-louis-stevenson,Robert Louis Stevenson,Cuentos,0,0,Sin categoría erótica ni obra +18 identificada en los metadatos.
1f73d06d-202a-4b28-8352-134ef7a30382,Marta y María,marta-y-maria-armando-palacio-valdes,Armando Palacio Valdés,Ficción contemporánea,0,0,Sin categoría erótica ni obra +18 identificada en los metadatos.
a13bd5ce-5d02-445a-8434-9a4a52c4a7d7,Martes de carnaval,martes-de-carnaval-ramon-maria-del-valle-inclan,Ramón del Valle Inclán,Teatro,0,0,Sin categoría erótica ni obra +18 identificada en los metadatos.
ff478a32-f812-4858-a277-d9200f4194ae,Más allá del bien y del mal,mas-alla-del-bien-y-del-mal-friedrich-nietzsche,Friedrich Nietzsche,Filosofía,0,0,Sin categoría erótica ni obra +18 identificada en los metadatos.
2d7f6f08-483c-4d40-a612-eb339b47e7a1,Mas alla del principio del placer,mas-alla-del-principio-del-placer-sigmund-freud,Sigmund Freud,Sociedad Y Ciencias Sociales,0,0,Sin categoría erótica ni obra +18 identificada en los metadatos.
4db4347f-6476-4ccd-af41-799cc252838a,Mathilda,mathilda-mary-shelley,Mary Shelley,Novela corta,0,0,Sin categoría erótica ni obra +18 identificada en los metadatos.
a2ff9d5c-7927-4a69-ac87-4de0d9a203da,Medea,medea-euripides,Euripides,Antologías,0,0,Sin categoría erótica ni obra +18 identificada en los metadatos.
aa6625aa-0e0e-463d-9dbb-b0cf878c9d15,Meditaciones,las-meditaciones-de-marco-aurelio-marco-aurelio,Marco Aurelio,Filosofía,0,0,Sin categoría erótica ni obra +18 identificada en los metadatos.
0ee9efff-51ff-47a0-afef-21c819fbf2d7,Memnón o la Sabiduría Humana,memnon-o-la-sabiduria-humana-voltaire,Voltaire,Cuentos,0,0,Sin categoría erótica ni obra +18 identificada en los metadatos.
eaae5775-14ed-4c0d-8171-cde7f52e6724,Memorias de un cortesano de 1815,memorias-de-un-cortesano-de-1815-benito-perez-galdos,Benito Pérez Galdós,Ficción contemporánea,0,0,Sin categoría erótica ni obra +18 identificada en los metadatos.
31cb90aa-486a-48ee-b80f-482dfbb7a6b8,Memorias de un médico: Joseph Bálsamo,memorias-de-un-medico-jose-balsamo-alejandro-dumas-padre,Alejandro Dumas,,0,0,Sin categoría erótica ni obra +18 identificada en los metadatos.
f73fd88a-a017-4a24-9b12-5c5e84190842,Memorias de un Solterón: Adán y Eva,memorias-de-un-solteron-pardo-bazan-emilia,Emilia Pardo Bazán,Novela corta,0,0,Sin categoría erótica ni obra +18 identificada en los metadatos.
4a1a1fa5-fdf8-42e4-a0bd-d9ead13e1473,Memorias del subsuelo,memorias-del-subsuelo-dostoyevski-fiodor,Fiódor Dostoyevski,Ficción clásica,0,0,Sin categoría erótica ni obra +18 identificada en los metadatos.
49f84177-d4e9-45b9-9f4c-c96b85cb6844,"Mendel, el de los libros",mendel-el-de-los-libros-zweig-stefan,Stefan Zweig,Cuentos,0,0,Sin categoría erótica ni obra +18 identificada en los metadatos.
6025bd68-89ec-4f32-8154-83b52aa9f142,Mendizábal: Episodios Nacionales,mendizabal-benito-perez-galdos,Benito Pérez Galdós,Ficción histórica,0,0,Sin categoría erótica ni obra +18 identificada en los metadatos.
135c6047-5ac5-4f15-84ca-5bb87ee5ae01,Metafísica,metafisica-aristoteles,Aristóteles,Filosofía,0,0,Sin categoría erótica ni obra +18 identificada en los metadatos.
ac7e0cc7-1f73-4d5c-bfd5-805418916a62,Metamorfosis,las-metamorfosis-ovidio,Ovidio,Poesía,0,0,Sin categoría erótica ni obra +18 identificada en los metadatos.
2c01af6a-12c9-4cba-bf20-fe559ae36fa4,Metzengerstein,metzengerstein-allan-poe-edgar,Edgar Allan Poe,Terror,0,0,Sin categoría erótica ni obra +18 identificada en los metadatos.
faa39f7c-bc66-4399-9f18-3cbddc8fca1d,Mi Lucha,mi-lucha-hitler-adolf,Adolf Hitler,,0,0,Sin categoría erótica ni obra +18 identificada en los metadatos.
c67f5b9a-6aa3-4ad0-8feb-a7d67e17b0d2,MI RELIGION,mi-religion-unamuno-miguel,Miguel de Unamuno,Ensayos,0,0,Sin categoría erótica ni obra +18 identificada en los metadatos.
3217e9cf-59c6-4084-ac01-d324331ef5b0,Mi Ultimo Adiós,mi-ultimo-adios-jose-rizal,José Rizal,Poesía,0,0,Sin categoría erótica ni obra +18 identificada en los metadatos.
dcc66fc6-c66d-4501-8d9e-33a962015e0c,Miau,miau-benito-perez-galdos,Benito Pérez Galdós,Ficción contemporánea,0,0,Sin categoría erótica ni obra +18 identificada en los metadatos.
8c80f1b7-ad18-4d59-9462-df29185c54d1,Micromegas,micromegas-voltaire,Voltaire,Cuentos,0,0,Sin categoría erótica ni obra +18 identificada en los metadatos.
1b5f9bef-912f-4f5e-b19b-cfd49724e0a6,Mirando Atrás Desde 2000 a 1887,mirando-atras-edward-bellamy,Edward Bellamy,Ciencia ficción,0,0,Sin categoría erótica ni obra +18 identificada en los metadatos.
428e85ce-16b0-4db9-bd39-2d2d18d188f3,Misericordia,misericordia-benito-perez-galdos,Benito Pérez Galdós,Ficción contemporánea,0,0,Sin categoría erótica ni obra +18 identificada en los metadatos.
625c728a-b1e6-4f27-9c72-ce782d2529d0,Miss Harriet,miss-harriet-guy-de-maupassant,Guy de Maupassant,Cuentos,0,0,Sin categoría erótica ni obra +18 identificada en los metadatos.
6da5925f-272f-4bf4-b345-d26d35928b2a,Místicas,misticas-amado-nervo,Amado Nervo,Acción y aventura,0,0,Sin categoría erótica ni obra +18 identificada en los metadatos.
6afc532f-1364-41a7-b818-c344063d5ade,Moby Dick,moby-dick-herman-melville,Herman Melville,Acción y aventura,0,0,Sin categoría erótica ni obra +18 identificada en los metadatos.
69a213c0-cf6f-4218-8970-68b35096e2ee,"Monja y Casada, Virgen y Mártir",monja-y-casada-virgen-y-martir-vicente-riva-palacio,Vicente Riva Palacio,Novela corta,0,0,Sin categoría erótica ni obra +18 identificada en los metadatos.
0dacf00b-5de9-4c1a-bb4b-1913204277a0,Monte de perfección,monte-de-perfeccion-san-juan-de-la-cruz,San Juan de la Cruz,Religión,0,0,Sin categoría erótica ni obra +18 identificada en los metadatos.
7047b95e-c50a-4de9-a58c-b25ce94e9aae,Moral,la-gran-moral-platon,Aristóteles,Filosofía,0,0,Sin categoría erótica ni obra +18 identificada en los metadatos.
b9a1e2c1-8968-4f48-ba27-720e47d427a0,Moral social,moral-social-eugenio-maria-de-hostos,Eugenio María de Hostos,Filosofía,0,0,Sin categoría erótica ni obra +18 identificada en los metadatos.
2024c01d-415f-4670-94cc-6fcaf28387e9,Morella,morella-allan-poe-edgar,Edgar Allan Poe,Cuentos,0,0,Sin categoría erótica ni obra +18 identificada en los metadatos.
57885c0d-8d5e-4ea5-ad15-1ab9630b19a5,Morgan,morgan-emilio-salgari,Emilio Salgari,Acción y aventura,0,0,Sin categoría erótica ni obra +18 identificada en los metadatos.
28902852-ea9a-49d8-9b94-d221d134ead0,Moros y cristianos,moros-y-cristianos-de-alarcon-pedro-antonio,Pedro Antonio de Alarcón,Ficción histórica,0,0,Sin categoría erótica ni obra +18 identificada en los metadatos.
6acb4edf-3e84-4d1c-ae10-c8ab7a9e573f,Mujercitas,mujercitas-alcott-louisa-may,Louisa May Alcott,Ficción clásica,0,0,Sin categoría erótica ni obra +18 identificada en los metadatos.
01deb41e-d8f3-4883-9c96-418bd9dbd52f,Mumú,mumu-ivan-turguenev,Iván Turguénev,Cuentos,0,0,Sin categoría erótica ni obra +18 identificada en los metadatos.
8f847f54-ba01-4979-b6e4-313d22f53da9,Nacerá una bruja,nacera-una-bruja-robert-e-howard,Robert E Howard,Acción y aventura,0,0,Sin categoría erótica ni obra +18 identificada en los metadatos.
1b79bd37-3169-47ef-9131-8c7f29d42433,Napoleón en Chamartín,napoleon-en-chamartin-benito-perez-galdos,Benito Pérez Galdós,Acción y aventura,0,0,Sin categoría erótica ni obra +18 identificada en los metadatos.
9433dc60-cfce-4d31-990f-2532a7d78992,Narraciones,narraciones-gustavo-adolfo-becquer,Gustavo Adolfo Bécquer,,0,0,Sin categoría erótica ni obra +18 identificada en los metadatos.
12c5b61a-f798-4e35-94d9-6e2b5cad7747,Nativa,nativa-eduardo-acevedo-diaz,Eduardo Acevedo Díaz,Ficción contemporánea,0,0,Sin categoría erótica ni obra +18 identificada en los metadatos.
5cd57511-5854-4dfb-a1ad-211d2501d9a2,Naufragios,naufragios-alvar-nunez-cabeza-de-vaca,Alvar Nuñez Cabeza de Vaca,"Biografías, Diarios Y Hechos Reales",0,0,Sin categoría erótica ni obra +18 identificada en los metadatos.
07053784-9d03-4c6d-ab05-a3de78e15b75,Navidad en las montañas,la-navidad-en-las-montanas-ignacio-manuel-altamirano,Ignacio Manuel Altamirano,Novela corta,0,0,Sin categoría erótica ni obra +18 identificada en los metadatos.
329f489d-f23e-4ad4-8e19-fcd052fccebc,Nazarín,nazarin-benito-perez-galdos,Benito Pérez Galdós,Ficción contemporánea,0,0,Sin categoría erótica ni obra +18 identificada en los metadatos.
a6f300b1-d765-4527-954e-3c53e39c4219,Niebla (Nivola),niebla-unamuno-miguel,Miguel de Unamuno,Ficción contemporánea,0,0,Sin categoría erótica ni obra +18 identificada en los metadatos.
e698d672-4674-4a3e-9593-92c273184c13,Ninfas del valle,ninfas-del-valle-khalil-gibran,Gibran Khalil Gibran,Cuentos,0,0,Sin categoría erótica ni obra +18 identificada en los metadatos.
38cdd83c-5919-4c71-a1e0-b989862506b8,No hay burlas con el amor,no-hay-burlas-con-el-amor-calderon-de-la-barca-pedro,Pedro Calderón de la Barca,Teatro,0,0,Sin categoría erótica ni obra +18 identificada en los metadatos.
bd75821b-7138-41d5-960d-f5b7b5b2c594,No hay instante sin milagro,no-hay-instante-sin-milagro-calderon-de-la-barca-pedro,Calderon de la Barca,Teatro,0,0,Sin categoría erótica ni obra +18 identificada en los metadatos.
b32d1f75-11e9-48cb-ba7e-fdc3f676aefb,Noche fantástica,noche-fantastica-zweig-stefan,Stefan Zweig,Novela corta,0,0,Sin categoría erótica ni obra +18 identificada en los metadatos.
ca4122f0-ab5f-43db-9605-e207952f92f2,Nochebuena,nochebuena-manuel-gonzalez-zeledon,Manuel González Zeledón,Cuentos,0,0,Sin categoría erótica ni obra +18 identificada en los metadatos.
a7151011-8d17-400a-95f9-6fffe6502de0,Noches blancas,noches-blancas-dostoyevski-fiodor,Fiódor Dostoyevski,Ficción clásica,0,0,Sin categoría erótica ni obra +18 identificada en los metadatos.
2f093f02-900e-4689-bd83-e6ca0e6bf476,Noches Lúgubres,noches-lugubres-jose-cadalso,José Cadalso,Acción y aventura,0,0,Sin categoría erótica ni obra +18 identificada en los metadatos.
a520213e-f58f-48b6-ab28-bcd2951f167b,Noli me tangere,noli-me-tangere-jose-rizal,José Rizal,Ficción histórica,0,0,Sin categoría erótica ni obra +18 identificada en los metadatos.
04dc06ac-1218-4202-9156-09df8a538c7c,Nota sobre la supresión general de los partidos políticos,nota-sobre-la-supresion-general-de-los-partidos-politicos-simone-weil,Simone Weil,Filosofía,0,0,Sin categoría erótica ni obra +18 identificada en los metadatos.
b86c8fb1-c99b-4180-9048-daeebd39b7b2,Novela de ajedrez,novela-de-ajedrez-zweig-stefan,Stefan Zweig,Novela corta,0,0,Sin categoría erótica ni obra +18 identificada en los metadatos.
b6a92d4f-7d72-415e-9ce5-3a4f21ba703d,Novelas Cortas,novelas-cortas-de-alarcon-pedro-antonio,Pedro Antonio de Alarcón,Cuentos,0,0,Sin categoría erótica ni obra +18 identificada en los metadatos.
be9a123e-4813-4c07-8dd3-2460ac350d86,Novelas ejemplares,novelas-ejemplares-cervantes-miguel,Miguel Cervantes,Novela corta; Cuentos,0,0,Sin categoría erótica ni obra +18 identificada en los metadatos.
c0777369-3b5f-4f9c-ab21-2bd81405d0cd,Novelas y fantasías,novelas-y-fantasias-roberto-payro,Roberto Payró,Cuentos,0,0,Sin categoría erótica ni obra +18 identificada en los metadatos.
bb620fad-e858-410d-92da-f94ba5d0b34c,Nuestra señora de París,nuestra-senora-de-paris-hugo-victor,Víctor Hugo,Ficción clásica,0,0,Sin categoría erótica ni obra +18 identificada en los metadatos.
3d25006f-6ed0-4b3b-a040-1d01d32dcf72,Nuevas canciones,nuevas-canciones-machado-antonio,Antonio Machado,Poesía,0,0,Sin categoría erótica ni obra +18 identificada en los metadatos.
3fe1de0a-b05e-414c-86ee-58fbf5f03f38,Nyarlathotep,nyarlathotep-h-p-lovecraft,H. P. Lovecraft,Terror,0,0,Sin categoría erótica ni obra +18 identificada en los metadatos.
d67d1523-c6e7-41e6-9b2d-8ccf46e242b3,O locura o santidad,o-locura-o-santidad-jose-echegaray,José Echegaray,Teatro,0,0,Sin categoría erótica ni obra +18 identificada en los metadatos.
3a7a8ada-dd53-45c8-b3d2-009312b981f7,Obras completas,obras-completas-garcilaso-de-la-vega,Garcilaso de la Vega,Poesía,0,0,Sin categoría erótica ni obra +18 identificada en los metadatos.
414148e0-b4d4-44c1-9f62-7083e0c1dfa6,Obras jocosas de Quevedo,obras-jocosas-de-quevedo-francisco,Francisco de Quevedo,Antologías,0,0,Sin categoría erótica ni obra +18 identificada en los metadatos.
1d87e024-07c9-47e0-a860-0dda59b9e36b,"Ocho comedias y ocho entremeses nuevos, nunca representados",ocho-comedias-y-ocho-entremeses-nuevos-nunca-representados-cervantes-miguel,Miguel de Cervantes,Teatro,0,0,Sin categoría erótica ni obra +18 identificada en los metadatos.
1ea54a16-a388-452b-9bb2-83a43cc6fa9b,Ocho Primos,la-juventud-de-los-ochos-primos-alcott-louisa-may,Louisa May Alcott,Ficción clásica,0,0,Sin categoría erótica ni obra +18 identificada en los metadatos.
986af35e-86fb-4f28-9040-1483cfa9bcea,Odas,odas-horacio,Horacio,Ficción clásica,0,0,Sin categoría erótica ni obra +18 identificada en los metadatos.
a58ce112-ef88-46f9-83f4-19e880699386,Odas Seculares,odas-seculares-leopoldo-lugones,Leopoldo Lugones,Poesía,0,0,Sin categoría erótica ni obra +18 identificada en los metadatos.
9bf0aa3e-395d-4093-8467-b6ce7aa95c31,Odisea en el norte,odisea-en-el-norte-jack-london,Jack London,Cuentos,0,0,Sin categoría erótica ni obra +18 identificada en los metadatos.
158aa673-2537-4a7d-b9f3-14af23239d27,Olalla,olalla-robert-louis-stevenson,Robert Louis Stevenson,Novela corta,0,0,Sin categoría erótica ni obra +18 identificada en los metadatos.
09d8bd2c-7ae3-4ab3-a64b-35e1ace1997a,Oliver Twist,oliver-twist-charles-dickens,Charles Dickens,Ficción histórica,0,0,Sin categoría erótica ni obra +18 identificada en los metadatos.
48f7a240-4fb2-4f68-b61d-02b71d0176ab,Olor a crisantemos,olor-a-crisantemos-d-h-lawrence,D. H. Lawrence,Cuentos,0,0,Sin categoría erótica ni obra +18 identificada en los metadatos.
46fea7fc-aa55-49f3-85ba-2ace44cce683,Oráculo manual y arte de prudencia,oraculo-manual-y-arte-de-prudencia-baltasar-gracian,Baltasar Gracián,Filosofía,0,0,Sin categoría erótica ni obra +18 identificada en los metadatos.
f3ac1e07-59b2-48f9-bc85-3adeb3dc21b9,Orestes,orestes-euripides,Euripides,Teatro,0,0,Sin categoría erótica ni obra +18 identificada en los metadatos.
0f4fad08-c823-470f-b3b9-c708290bf177,Orgullo y prejuicio,orgullo-y-prejuicio-jane-austen,Jane Austen,Romántica,0,0,Sin categoría erótica ni obra +18 identificada en los metadatos.
3ad19259-0dab-426a-a0ec-5fa37a4c0fae,Oriente,oriente-vicente-blasco-ibanez,Vicente Blasco Ibáñez,Literatura de viaje,0,0,Sin categoría erótica ni obra +18 identificada en los metadatos.
deb5b9fa-5a25-42c8-9559-3fa9f5431ca2,Ortodoxia,ortodoxia-g-k-chesterton,G.  K.  Chesterton,Religión,0,0,Sin categoría erótica ni obra +18 identificada en los metadatos.
81152b3e-662e-4a95-a5e5-83353a089c9d,Otelo,otelo-shakespeare-william,William Shakespeare,Teatro,0,0,Sin categoría erótica ni obra +18 identificada en los metadatos.
2eeda9de-4639-448d-ba73-c863ffe9a7e0,Ozma de Oz,ozma-de-oz-l-frank-baum,Lyman Frank Baum,Cuentos,0,0,Sin categoría erótica ni obra +18 identificada en los metadatos.
1c5b6ae2-ea52-4126-983e-07a4e882fa6c,Paco Yunque,paco-yunque-cesar-vallejo,César Vallejo,Cuentos,0,0,Sin categoría erótica ni obra +18 identificada en los metadatos.
a84104d0-7166-45a9-a46a-b996eefe3133,Padrón y las inundaciones,padron-y-las-inundaciones-rosalia-de-castro,Rosalía de Castro,Ficción contemporánea,0,0,Sin categoría erótica ni obra +18 identificada en los metadatos.
a5b34e90-fd4c-44f9-bdae-f5192dd091e1,Pago Chico,pago-chico-roberto-payro,Autor Desconocido,Cuentos,0,0,Sin categoría erótica ni obra +18 identificada en los metadatos.
544c862a-a4c9-4469-b178-4668c61390ce,Palabras y plumas,palabras-y-plumas-molina-tirso,Tirso de Molina,Teatro,0,0,Sin categoría erótica ni obra +18 identificada en los metadatos.
064c77b7-887a-4413-9a23-f48614225501,Pandora,pandora-henry-james,Henry James,Novela corta,0,0,Sin categoría erótica ni obra +18 identificada en los metadatos.
c2b1d68b-e75f-4460-86fe-cadfdd2eb114,Para verdades el tiempo y para justicia Dios,para-verdades-el-tiempo-y-para-justicia-dios-zorrilla-jose,José Zorrilla,Poesía,0,0,Sin categoría erótica ni obra +18 identificada en los metadatos.
7dcf5aff-b011-4a31-9b44-290f3e316f87,París en el siglo XX,paris-en-el-siglo-xx-verne-julio,Julio Verne,Ciencia ficción,0,0,Sin categoría erótica ni obra +18 identificada en los metadatos.
770c4510-b68a-4189-828b-5e4db022f244,Parisiana,parisiana-ruben-dario,Rubén Darío,Literatura de viaje,0,0,Sin categoría erótica ni obra +18 identificada en los metadatos.
21e39182-1b24-4a63-ba3e-1dcd6cf282fa,"Parker Adderson, filósofo",parker-adderson-filosofo-bierce-ambrose,Ambrose Bierce,Acción y aventura,0,0,Sin categoría erótica ni obra +18 identificada en los metadatos.
26644f0b-48d4-462e-a863-988e147fefd7,Pasado amor,pasado-amor-horacio-quiroga,Horacio Quiroga,Novela corta,0,0,Sin categoría erótica ni obra +18 identificada en los metadatos.
59859645-d46a-45c8-9889-aad320cd92a5,Pasajeros en Arcadia,pasajeros-en-arcadia-o-henry,O. Henry,Cuentos,0,0,Sin categoría erótica ni obra +18 identificada en los metadatos.
c7f9d81b-6343-4e9c-a69e-b0bc63ae38c9,Pasarse de listo,pasarse-de-listo-juan-valera,Juan Valera,Ficción contemporánea,0,0,Sin categoría erótica ni obra +18 identificada en los metadatos.
8675a2d1-de01-4073-ad4e-ab3979d73985,Paseos por Roma,paseos-por-roma-stendhal,Stendhal,"Biografías, Diarios Y Hechos Reales",0,0,Sin categoría erótica ni obra +18 identificada en los metadatos.
c54225d3-f0b0-499d-9f8f-36820d65e6e6,Pastor de Hermas,pastor-de-hermas-anonimo,Anónimo,Religión,0,0,Sin categoría erótica ni obra +18 identificada en los metadatos.
4b9e5afa-7c2d-44d6-a326-3b4b222bf347,Paz en la guerra,paz-en-la-guerra-unamuno-miguel,Miguel de Unamuno,Ficción clásica,0,0,Sin categoría erótica ni obra +18 identificada en los metadatos.
666264e4-62c5-4b25-aadd-b1762dc7da6d,Pedagogía,pedagogia-immanuel-kant,Immanuel Kant,Filosofía,0,0,Sin categoría erótica ni obra +18 identificada en los metadatos.
1ad93a8d-30b6-4cbc-acf2-fb77f04e82f5,Pedro de Urdemalas,pedro-de-urdemalas-cervantes-miguel,Miguel de Cervantes,Teatro,0,0,Sin categoría erótica ni obra +18 identificada en los metadatos.
0a54b472-ad4a-42c1-a310-0b3584d18d6c,Pensamientos (Rousseau),pensamientos-jean-jacques-rousseau,Jean-Jacques Rousseau,Filosofía,0,0,Sin categoría erótica ni obra +18 identificada en los metadatos.
bcf19eb0-6304-4835-a8c5-1269ce92cfc4,Pepita Jiménez,pepita-jimenez-juan-valera,Juan Valera,Romántica,0,0,Sin categoría erótica ni obra +18 identificada en los metadatos.
ac5c9ef9-3c98-4e19-9187-192429c0861c,Peregrinación de Luz del día en América,peregrinacion-de-luz-del-dia-juan-bautista-alberdi,Juan Bautista Alberdi,Literatura de viaje,0,0,Sin categoría erótica ni obra +18 identificada en los metadatos.
28670d92-cc19-45ef-b873-fd6d1c527822,Peribáñez y el comendador de Ocaña,peribanez-y-el-comendador-de-ocana-lope-de-vega,Lope de Vega,Teatro,0,0,Sin categoría erótica ni obra +18 identificada en los metadatos.
abc34f4d-5ffe-4bc3-bcdf-9b8268cd41fa,Perlas negras,perlas-negras-amado-nervo,Amado Nervo,Poesía,0,0,Sin categoría erótica ni obra +18 identificada en los metadatos.
26453ef3-367c-40fc-923b-c90bc8fe0a2d,Persuasión,persuasion-jane-austen,Jane Austen,Ficción clásica,0,0,Sin categoría erótica ni obra +18 identificada en los metadatos.
a3e47d34-0891-4991-9de6-724049dc3f31,Peter Pan y Wendy,peter-pan-y-wendy-j-m-barrie,J.M. Barrie,Cuentos,0,0,Sin categoría erótica ni obra +18 identificada en los metadatos.
c0b1741b-f4fe-4bc5-bb05-4b6790c1c461,Petrilla,petrilla-balzac-honore-de,Honoré de Balzac,Ficción contemporánea,0,0,Sin categoría erótica ni obra +18 identificada en los metadatos.
2681a481-5424-4fa2-bed1-0e846f26cf2d,Piel de asno,piel-de-asno-charles-perrault,Charles Perrault,Cuentos,0,0,Sin categoría erótica ni obra +18 identificada en los metadatos.
df11ab5f-3f7c-4ea7-9efc-65c980a8dc7a,Piel de Oso,piel-de-oso-hermanos-grimm,Hermanos Grimm,Cuentos,0,0,Sin categoría erótica ni obra +18 identificada en los metadatos.
a902766e-0cdf-483a-baa9-0a53b2140d7e,Pigmalion,pigmalion-jean-jacques-rousseau,Jean-Jacques Rousseau,Teatro,0,0,Sin categoría erótica ni obra +18 identificada en los metadatos.
38df50b3-bdf4-45f4-9492-4f0af6fac4c8,Pipá,pipa-alas-clarin-leopoldo,Leopoldo Alas Clarín,Cuentos,0,0,Sin categoría erótica ni obra +18 identificada en los metadatos.
476079b3-90eb-448a-a81a-5e68f2fecbc4,Plenitud,plenitud-amado-nervo,Amado Nervo,Poesía,0,0,Sin categoría erótica ni obra +18 identificada en los metadatos.
2c21fc06-d2fb-4e40-8158-c26f1f2a6d4e,Plick y Plock,plick-y-plock-eugene-sue,Eugène Sue,Acción y aventura,0,0,Sin categoría erótica ni obra +18 identificada en los metadatos.
e68bb2e5-8a84-4100-8c8c-418ab0fc85e5,Poema del cante jondo,poema-del-cante-jondo-garcia-lorca-federico,Federico García Lorca,Poesía,0,0,Sin categoría erótica ni obra +18 identificada en los metadatos.
e2f8baf6-5af3-4735-8fc9-d35fdd55f797,Poemas,poemas-allan-poe-edgar,Edgar Allan Poe,Poesía,0,0,Sin categoría erótica ni obra +18 identificada en los metadatos.
e15dca2d-e3be-470a-80e6-d65e8da698d2,Poemas,poemas-emily-dickinson,Emily Dickinson,Poesía,0,0,Sin categoría erótica ni obra +18 identificada en los metadatos.
15219909-307c-4316-974d-a509ec14b497,Poemas,poemas-hugo-victor,Victor Hugo,Poesía,0,0,Sin categoría erótica ni obra +18 identificada en los metadatos.
9ef2af77-65ce-4fbc-9ea3-ebaf52f6e085,Poemas,poemas-amado-nervo,Amado Nervo,Poesía,0,0,Sin categoría erótica ni obra +18 identificada en los metadatos.
ae210281-d2fb-4f8a-829d-b3fa6e06a0ea,Poemas,poemas-ruben-dario,Rubén Darío,Poesía,0,0,Sin categoría erótica ni obra +18 identificada en los metadatos.
7108f8f8-cb9f-46da-8315-45f1adb286e1,Poemas a la Muerte,poemas-a-la-muerte-emily-dickinson,Emily Dickinson,Poesía,0,0,Sin categoría erótica ni obra +18 identificada en los metadatos.
f116a79a-f7a3-4726-8070-ad6de8beb90e,Poemas sueltos,poemas-sueltos-garcia-lorca-federico,Federico García Lorca,Poesía,0,0,Sin categoría erótica ni obra +18 identificada en los metadatos.
e31887c1-e0f1-4e7e-a520-b414300fa347,Poesía. seleccion,poesia-seleccion-nieves-xenes,Nieves Xenes,Poesía,0,0,Sin categoría erótica ni obra +18 identificada en los metadatos.
bccc1a70-9e09-45a9-bc34-c6de6330e5af,Poesias,poesias-sor-juana-ines-de-la-cruz,Sor Juana Inés de la Cruz,Poesía,0,0,Sin categoría erótica ni obra +18 identificada en los metadatos.
57030c07-1197-4ce4-b34b-91fa44f3771f,Poesías,poesias-santa-teresa-de-jesus,Santa Teresa de Jesús,Poesía,0,0,Sin categoría erótica ni obra +18 identificada en los metadatos.
b86bed9b-4c2f-419b-ae05-bc1a11991fa7,Poesías completas,poesias-completas-machado-antonio,Antonio Machado,Poesía,0,0,Sin categoría erótica ni obra +18 identificada en los metadatos.
524600af-c7f1-4864-b82f-944fa6619bcb,Poeta en Nueva York,poeta-en-nueva-york-garcia-lorca-federico,Autor Desconocido,Poesía,0,0,Sin categoría erótica ni obra +18 identificada en los metadatos.
e2ca49db-402a-4372-8d06-511be4112426,Poetas de color,poetas-de-color-francisco-calcagno,Francisco Calcagno,Ensayos,0,0,Sin categoría erótica ni obra +18 identificada en los metadatos.
cd533f97-160a-4607-8d16-877379c6e28c,Política,politica-aristoteles,Aristóteles,Sociedad Y Ciencias Sociales,0,0,Sin categoría erótica ni obra +18 identificada en los metadatos.
3e2735cf-893c-4a8e-b702-ff1b131e48ee,Polvo y ceniza,polvo-y-ceniza-james-joyce,James Joyce,Cuentos,0,0,Sin categoría erótica ni obra +18 identificada en los metadatos.
6a03cdb7-bedb-4907-845a-b0cee8f4b89b,Polzunkov,polzunkov-dostoyevski-fiodor,Fiódor Dostoyevski,Cuentos,0,0,Sin categoría erótica ni obra +18 identificada en los metadatos.
0a69ab50-2c30-455f-805e-26f3ee3ea408,Pónticas,ponticas-ovidio,Ovidio,Poesía,0,0,Sin categoría erótica ni obra +18 identificada en los metadatos.
3531a503-7d3f-42c5-a114-f831683e9304,Popol Vuh,popol-vuh-anonimo,Anonimo,Religión,0,0,Sin categoría erótica ni obra +18 identificada en los metadatos.
b2d7e781-348c-4ed3-8242-6d03e9634569,Poquita cosa,poquita-cosa-anton-chejov,Anton Pavlovich Chejov,Cuentos,0,0,Sin categoría erótica ni obra +18 identificada en los metadatos.
a2ea2475-fc7b-4cc4-9acb-00dca91fe6da,Por el Camino de Swann,por-el-camino-de-swann-marcel-proust,Marcel Proust,Ficción clásica,0,0,Sin categoría erótica ni obra +18 identificada en los metadatos.
54383ce1-6858-4d17-9a5b-e2bd96b13b48,Portugal,portugal-benito-perez-galdos,Benito Pérez Galdós,Literatura de viaje,0,0,Sin categoría erótica ni obra +18 identificada en los metadatos.
f8ca6ac9-bce7-42a3-8dc6-a62d85661ed7,Preparativos de boda en el campo,preparativos-de-boda-en-el-campo-kafka-franz,Franz Kafka,Cuentos,0,0,Sin categoría erótica ni obra +18 identificada en los metadatos.
7172fa31-3b28-4025-a130-978584700fdf,Prim,prim-benito-perez-galdos,Benito Pérez Galdós,Ficción histórica,0,0,Sin categoría erótica ni obra +18 identificada en los metadatos.
299fdaa7-b263-4cf2-9ea0-17e0bf6319ff,Primer amor,primer-amor-ivan-turguenev,Ivan Turguenev,Novela corta,0,0,Sin categoría erótica ni obra +18 identificada en los metadatos.
a2632ba5-f43e-4298-a626-b10221cae8c0,Proceso por asesinato,proceso-por-asesinato-charles-dickens,Charles Dickens,Novela corta,0,0,Sin categoría erótica ni obra +18 identificada en los metadatos.
6f88144a-71b4-4194-83e3-6d3eeb876eda,Prometeo encadenado,prometeo-encadenado-esquilo,Esquilo,Teatro,0,0,Sin categoría erótica ni obra +18 identificada en los metadatos.
e4ec4bed-9945-44d6-8591-4b7f4dff36e1,Prosas profanas,prosas-profanas-ruben-dario,Rubén Darío,Poesía,0,0,Sin categoría erótica ni obra +18 identificada en los metadatos.
cabc9737-f05e-41af-89c1-12ad152402b6,Protesto,protesto-alas-clarin-leopoldo,Leopoldo Alas Clarín,Cuentos,0,0,Sin categoría erótica ni obra +18 identificada en los metadatos.
00d63456-8cef-4f97-8b79-b1454d99da11,Psicología de las masas y análisis del yo,psicologia-de-las-masas-y-analisis-del-yo-sigmund-freud,Sigmund Freud,Psicología,0,0,Sin categoría erótica ni obra +18 identificada en los metadatos.
f154a964-0d0f-4313-b9c6-ac32db7748da,Psicopatologia de la vida cotidiana,psicopatologia-de-la-vida-cotidiana-sigmund-freud,Sigmund Freud,Sociedad Y Ciencias Sociales,0,0,Sin categoría erótica ni obra +18 identificada en los metadatos.
17c50040-c539-415a-a307-8214dfc8b12d,Pulgarcito.rtf,pulgarcito-charles-perrault,Charles Perrault,Cuentos,0,0,Sin categoría erótica ni obra +18 identificada en los metadatos.
ef3660e8-91f3-40d5-9242-700be67d7436,Quien calla otorga,quien-calla-otorga-molina-tirso,Tirso de Molina,Teatro,0,0,Sin categoría erótica ni obra +18 identificada en los metadatos.
ef13ff76-013b-42fa-ac30-154174b3de44,Quimera,quimera-garcia-lorca-federico,Federico García Lorca,Teatro,0,0,Sin categoría erótica ni obra +18 identificada en los metadatos.
4aa1b360-2f09-47c7-ad45-b1ef58c43e9a,Ranchos (Costumbres del Campo),ranchos-costumbres-del-campo-javier-de-viana,Javier de Viana,Cuentos,0,0,Sin categoría erótica ni obra +18 identificada en los metadatos.
032c1058-a76c-44ff-aaee-a41ad34302ba,Rapunzel,rapunzel-hermanos-grimm,Hermanos Grimm,Cuentos,0,0,Sin categoría erótica ni obra +18 identificada en los metadatos.
0fa06030-33f2-432b-b70d-a77afa38bee5,Rashomon,rashomon-ryunosuke-akutagawa,Ryūnosuke Akutagawa,,0,0,Sin categoría erótica ni obra +18 identificada en los metadatos.
a16e644b-9f4a-453c-902f-b223c6504d1a,Ratón Pérez,raton-perez-luis-coloma,Luis Coloma,Cuentos,0,0,Sin categoría erótica ni obra +18 identificada en los metadatos.
98ffdab0-571d-4794-b021-565c98f95672,Rayo de luna,rayo-de-luna-gustavo-adolfo-becquer,Gustavo Adolfo Bécquer,Cuentos,0,0,Sin categoría erótica ni obra +18 identificada en los metadatos.
508903fb-1225-4289-a8c6-9c04b1d86ee3,Recopilación de poemas,recopilacion-de-poemas-rosalia-de-castro,Rosalía de Castro,Poesía,0,0,Sin categoría erótica ni obra +18 identificada en los metadatos.
06685ad0-1c40-4764-ab56-b48142b5985c,"Recopilación: autocríticas, homenajes y charlas",recopilacion-autocriticas-homenajes-y-charlas-garcia-lorca-federico,Federico García Lorca,Ensayos,0,0,Sin categoría erótica ni obra +18 identificada en los metadatos.
1be1d7ef-ffe0-4cae-a651-925fbc678d86,Recuerdos de la casa de los muertos,recuerdos-de-la-casa-de-los-muertos-dostoyevski-fiodor,Fyodor Dostoevsky,Ficción clásica,0,0,Sin categoría erótica ni obra +18 identificada en los metadatos.
d0855e37-f01d-446b-b962-33bb180110e5,Recuerdos de mi vida,recuerdos-de-mi-vida-santiago-ramon-y-cajal,Santiago Ramón y Cajal,"Biografías, Diarios Y Hechos Reales",0,0,Sin categoría erótica ni obra +18 identificada en los metadatos.
7e409ab0-2996-49a0-9f16-a794ac0c7984,Recuerdos de un hacendado,recuerdos-de-un-hacendado-godofredo-daireaux,Godofredo Daireaux,"Biografías, Diarios Y Hechos Reales",0,0,Sin categoría erótica ni obra +18 identificada en los metadatos.
ed4879e9-9076-4c29-8f15-5ad20a0df35d,Recuerdos Del Tiempo Viejo,recuerdos-del-tiempo-viejo-zorrilla-jose,José Zorrilla,"Biografías, Diarios Y Hechos Reales",0,0,Sin categoría erótica ni obra +18 identificada en los metadatos.
b70dcc32-2d9a-43ea-aa60-50afc53de66a,Recuerdos: Colección de sonetos,recuerdos-francisco-sosa-escalante,Francisco Sosa Escalante,Poesía,0,0,Sin categoría erótica ni obra +18 identificada en los metadatos.
1d8b46b8-82f4-4b32-8dc2-f5514ff9db28,Reflexiones sobre la educación de las hijas,reflexiones-sobre-la-educacion-de-las-hijas-mary-wollstonecraft,Mary Wollstonecraft,Ensayos,0,0,Sin categoría erótica ni obra +18 identificada en los metadatos.
9a223c73-7208-4be4-9eeb-a66532b315f4,Reglas y consejos sobre investigación científica,reglas-y-consejos-sobre-investigacion-cientifica-santiago-ramon-y-cajal,Santiago Ramón y Cajal,"Ciencias, Tecnología Y Medicina",0,0,Sin categoría erótica ni obra +18 identificada en los metadatos.
ff53cea8-a976-4038-92c3-f2256ec990e3,Relatos argentinos,relatos-argentinos-paul-groussac,Paul Groussac,Cuentos,0,0,Sin categoría erótica ni obra +18 identificada en los metadatos.
18e52add-3430-439d-9506-6d2e98b21ee5,Remedios de amor,remedios-de-amor-ovidio,Ovidio,Poesía,0,0,Sin categoría erótica ni obra +18 identificada en los metadatos.
2fb8558b-63c2-4e45-b373-aa18ae1d1302,Renglones cortos,renglones-cortos-salvador-rueda-santos,Salvador Rueda,Poesía,0,0,Sin categoría erótica ni obra +18 identificada en los metadatos.
ad06a709-0b73-43aa-9dba-ebba2f545536,Respuesta a la pregunta: ¿Qué es la Ilustración?,respuesta-a-la-pregunta-que-es-ilustracion-immanuel-kant,Immanuel Kant,Ensayos,0,0,Sin categoría erótica ni obra +18 identificada en los metadatos.
2085c28f-8bf9-41d7-a473-784c04ee0ceb,Respuesta a Sor Filotea de la Cruz,respuesta-a-sor-filotea-de-la-cruz-sor-juana-ines-de-la-cruz,Sor Juana Ines de la Cruz,"Biografías, Diarios Y Hechos Reales",0,0,Sin categoría erótica ni obra +18 identificada en los metadatos.
0c762952-5c21-46bd-8ab9-b7175963825f,Resurrección,resurreccion-tolstoi-leon,Leon Tolstoi,Novela corta,0,0,Sin categoría erótica ni obra +18 identificada en los metadatos.
c6d45846-c8a9-4757-ba7d-10ba125b2447,Retrato del artista adolescente,retrato-del-artista-adolescente-james-joyce,James Joyce,Ficción clásica,0,0,Sin categoría erótica ni obra +18 identificada en los metadatos.
695d3fd8-56ee-4622-a0b4-46ebdf30402c,Reyes de la noche,reyes-de-la-noche-robert-e-howard,Robert E Howard,Ficción histórica,0,0,Sin categoría erótica ni obra +18 identificada en los metadatos.
fb3f5ce0-71f7-4d55-ab41-77d17f89888c,Ricardo II,ricardo-ii-shakespeare-william,William Shakespeare,Teatro,0,0,Sin categoría erótica ni obra +18 identificada en los metadatos.
40d8aa49-3a86-44cc-a9bc-8544acaabf86,Ricitos de Oro y los Tres Osos,ricitos-de-oro-y-los-tres-osos-w-w-denslow,W. W. Denslow,Cuentos,0,0,Sin categoría erótica ni obra +18 identificada en los metadatos.
3d54b919-a56f-43bd-b95c-5558a8495ebc,Rima del anciano marinero,rima-del-anciano-marinero-samuel-taylor-coleridge,Samuel Taylor Coleridge,Poesía,0,0,Sin categoría erótica ni obra +18 identificada en los metadatos.
05f90bae-edf5-434e-8fd6-f6a6db25de61,Rimas,rimas-gustavo-adolfo-becquer,Gustavo Adolfo Bécquer,Poesía,0,0,Sin categoría erótica ni obra +18 identificada en los metadatos.
ef06e38f-2533-42f8-a595-e75ca1cbf2fd,Rinconete y Cortadillo,rinconete-y-cortadillo-cervantes-miguel,Miguel de Cervantes,Novela corta,0,0,Sin categoría erótica ni obra +18 identificada en los metadatos.
a2a5e3ab-eff2-4d34-a6bb-0c4e118a0823,Rip Van Winkle,rip-van-winkle-washington-irving,Washington Irving,Cuentos,0,0,Sin categoría erótica ni obra +18 identificada en los metadatos.
b137490b-90ee-4be9-9ffb-13fac2ec8b4a,Riquete el del copete,riquete-el-del-copete-charles-perrault,Charles Perrault,Cuentos,0,0,Sin categoría erótica ni obra +18 identificada en los metadatos.
b5396c38-050f-448d-8e6d-45473cf42f2f,Risa roja,risa-roja-leonid-andreiev,Leonid Andréiev,Novela corta,0,0,Sin categoría erótica ni obra +18 identificada en los metadatos.
6908e4bf-718b-4359-ad86-f9f68ceba374,Rivales,rivales-alas-clarin-leopoldo,Leopoldo Alas Clarín,Novela corta,0,0,Sin categoría erótica ni obra +18 identificada en los metadatos.
765a0e38-59ec-4fed-bff3-ac31382e01b1,Rob Roy,rob-roy-walter-scott,Walter Scott,Ficción histórica,0,0,Sin categoría erótica ni obra +18 identificada en los metadatos.
67ecaeea-16f3-43f6-9d8e-7f71f4e6c24c,Robinson Crusoe,robinson-crusoe-defoe-daniel,Daniel Defoe,Acción y aventura,0,0,Sin categoría erótica ni obra +18 identificada en los metadatos.
5eb5bcb6-44ba-4b6c-ba09-bc0fb7bd2c08,Rojo y Negro,rojo-y-negro-stendhal,Stendhal,Ficción clásica,0,0,Sin categoría erótica ni obra +18 identificada en los metadatos.
8500496b-3295-4bb6-9050-7fa96f8a356e,Romancero gitano,romancero-gitano-garcia-lorca-federico,Federico garcia lorca,Poesía,0,0,Sin categoría erótica ni obra +18 identificada en los metadatos.
afdd1651-186c-4813-a174-27272d0dc1ce,Romeo y Julieta,romeo-y-julieta-shakespeare-william,William Shakespeare,Teatro,0,0,Sin categoría erótica ni obra +18 identificada en los metadatos.
d5c2c32f-254f-493f-ad74-bf86f8955692,Rosa en flor,rosa-en-flor-alcott-louisa-may,Louisa May Alcott,Romántica,0,0,Sin categoría erótica ni obra +18 identificada en los metadatos.
60a8a582-c5df-4289-a696-cee91cd92fd9,Rosario de sonetos líricos,rosario-de-sonetos-liricos-unamuno-miguel,Miguel de Unamuno,Poesía,0,0,Sin categoría erótica ni obra +18 identificada en los metadatos.
212bc8a5-bf67-42d3-8760-be9bb75adaa5,Rubaiyat,rubaiyat-omar-jayam,Omar Jayam,Poesía,0,0,Sin categoría erótica ni obra +18 identificada en los metadatos.
06e22e96-d59a-43f8-bb6a-ecfcf93e136b,Ruinas,ruinas-rosalia-de-castro,Rosalía de Castro,Novela corta,0,0,Sin categoría erótica ni obra +18 identificada en los metadatos.
51ae5743-f524-4cf4-908a-f81411903586,Ruy Blas,ruy-blas-hugo-victor,Victor Hugo,Teatro,0,0,Sin categoría erótica ni obra +18 identificada en los metadatos.
e0c546e0-c0bc-4723-977f-fb2d80dedec3,Sab: novela original,sab-gertrudis-gomez-de-avellaneda,Gertrudis Gómez de Avellaneda,Ficción histórica,0,0,Sin categoría erótica ni obra +18 identificada en los metadatos.
e3f0f133-5fa4-473c-a635-f4180858ea44,Saga de Njál,saga-de-njal-anonimo,Anónimo,Ficción histórica,0,0,Sin categoría erótica ni obra +18 identificada en los metadatos.
af91cb3a-e91d-4cd2-a15a-777c6a591e59,Salambó,salambo-gustave-flaubert,Gustave Flaubert,Ficción histórica,0,0,Sin categoría erótica ni obra +18 identificada en los metadatos.
a7375741-411e-4a0a-a556-b63d8153d6b9,Salomé,salome-wilde-oscar,Oscar Wilde,Teatro,0,0,Sin categoría erótica ni obra +18 identificada en los metadatos.
df8e9827-a1d8-4ee6-83bd-20c2179d82ca,"San Manuel Bueno, mártir",san-manuel-bueno-martir-unamuno-miguel,Miguel de Unamuno,Ficción contemporánea,0,0,Sin categoría erótica ni obra +18 identificada en los metadatos.
7e220ee5-73ee-4323-8060-f08ee33dfd36,Sanditon,sanditon-jane-austen,Jane Austen,Novela corta,0,0,Sin categoría erótica ni obra +18 identificada en los metadatos.
fc4477a3-37d2-4217-bc93-d6bbde1a3df0,Sandokán: El Rey del Mar,sandokan-el-rey-del-mar-emilio-salgari,Emilio Salgàri,Acción y aventura,0,0,Sin categoría erótica ni obra +18 identificada en los metadatos.
25bad0fb-0351-44c8-b1ce-d4d3d4e46eb5,Sangre y arena,sangre-y-arena-vicente-blasco-ibanez,Vicente Blasco Ibáñez,Novela corta,0,0,Sin categoría erótica ni obra +18 identificada en los metadatos.
ff91a09e-8859-4e04-b184-4ee3e0aa678d,Santiago Arabal. Historia de un pobre niño,santiago-arabal-historia-de-un-pobre-nino-julia-de-asensi,Julia  de Asensi,Cuentos,0,0,Sin categoría erótica ni obra +18 identificada en los metadatos.
819be8ef-9534-4573-8315-7a7e7fd5a4bc,Santiago Damour,santiago-damour-zola-emile,Émile Zola,Cuentos,0,0,Sin categoría erótica ni obra +18 identificada en los metadatos.
a7383bd4-b691-4801-95d7-2b2c9ac91ded,"Saverio, el cruel",saverio-el-cruel-roberto-arlt,Roberto Arlt,Terror,0,0,Sin categoría erótica ni obra +18 identificada en los metadatos.
d261f109-9200-4dd6-975b-49ecafe4ef09,Segunda parte del ingenioso caballero don Quijote de la Mancha,segunda-parte-del-ingenioso-caballero-don-quijote-de-la-mancha-cervantes-miguel,Miguel Cervantes,Ficción clásica,0,0,Sin categoría erótica ni obra +18 identificada en los metadatos.
0f1499fb-5190-465e-a160-4fb938b73730,Semblanzas literarias,semblanzas-literarias-armando-palacio-valdes,Armando Palacio Valdés,Ensayos,0,0,Sin categoría erótica ni obra +18 identificada en los metadatos.
b37b0035-3342-4d47-882a-e93a53476d41,Sentido Común,sentido-comun-thomas-paine,Thomas Paine,Historia,0,0,Sin categoría erótica ni obra +18 identificada en los metadatos.
88557672-1d60-45d4-9dc1-d8d59338b710,Sentido y sensibilidad,sentido-y-sensibilidad-jane-austen,Jane Austen,Romántica,0,0,Sin categoría erótica ni obra +18 identificada en los metadatos.
5616ba2a-0e33-4c95-91f8-7aa37676bc45,Sentimental,sentimental-charles-dickens,Charles Dickens,Novela corta,0,0,Sin categoría erótica ni obra +18 identificada en los metadatos.
56b318e6-2826-4822-86a7-7164f209fd48,Sentir y pensar: poema cómico,sentir-y-pensar-poema-comico-rosario-de-acuna,Rosario de Acuña,Poesía,0,0,Sin categoría erótica ni obra +18 identificada en los metadatos.
e793e4d1-9013-43dc-8faf-cd72905c1a5c,Ser infeliz,ser-infeliz-kafka-franz,Franz Kafka,Cuentos,0,0,Sin categoría erótica ni obra +18 identificada en los metadatos.
1b103891-8a5e-4941-b87a-081fcb3953d0,Serenidad,serenidad-amado-nervo,Amado Nervo,Poesía,0,0,Sin categoría erótica ni obra +18 identificada en los metadatos.
ded5bbbe-2089-4afb-be08-ddaeef0d5c7b,Si yo fuera un hombre,si-yo-fuera-un-hombre-charlotte-perkins-gilman,Charlotte Perkins Gilman,Cuentos,0,0,Sin categoría erótica ni obra +18 identificada en los metadatos.
3d2beb0f-55d4-4459-b0f0-1a74a6b5b95c,Silas Marner,silas-marner-george-eliot,George Eliot,Ficción histórica,0,0,Sin categoría erótica ni obra +18 identificada en los metadatos.
a0775456-54f2-4086-9466-cfbd8df51fc7,Silencio,silencio-allan-poe-edgar,Edgar Allan Poe,Terror,0,0,Sin categoría erótica ni obra +18 identificada en los metadatos.
36d94dde-da93-4b8d-9248-045023f41992,Simbad el marino,simbad-el-marino-anonimo,Anónimo,Cuentos,0,0,Sin categoría erótica ni obra +18 identificada en los metadatos.
a5932399-3481-4e77-81b6-497548d8453d,Simón el Mago,simon-el-mago-tomas-carrasquilla,Tomás Carrasquilla Naranjo,,0,0,Sin categoría erótica ni obra +18 identificada en los metadatos.
bf601900-7351-4f80-8cd9-39207beafa59,Snob,snob-alas-clarin-leopoldo,Leopoldo Alas Clarín,Cuentos,0,0,Sin categoría erótica ni obra +18 identificada en los metadatos.
3d0f74fa-6f0c-4f52-8f4a-2d7eda4399c8,Sobre el cielo,sobre-el-cielo-aristoteles,Aristóteles,"Ciencias, Tecnología Y Medicina",0,0,Sin categoría erótica ni obra +18 identificada en los metadatos.
24284758-f5a6-4e1c-8826-adadf574d915,Sobre el porvenir de nuestras instituciones educativas,sobre-el-porvenir-de-nuestras-instituciones-educativas-friedrich-nietzsche,Friedrich Nietzsche,Filosofía,0,0,Sin categoría erótica ni obra +18 identificada en los metadatos.
775ce906-ee3d-4d27-ae93-d3461f4194fb,Sobre la amistad,sobre-la-amistad-ciceron,Autor Desconocido,Filosofía,0,0,Sin categoría erótica ni obra +18 identificada en los metadatos.
94bcf020-1025-413b-8003-a0c688a5b2a7,Sobre la música y la palabra,sobre-la-musica-y-la-palabra-friedrich-nietzsche,Friedrich Nietzsche,Filosofía,0,0,Sin categoría erótica ni obra +18 identificada en los metadatos.
fa533f45-0b4e-424c-beda-221a963fa212,Sobre verdad y mentira en sentido extramoral,sobre-verdad-y-mentira-en-sentido-extramoral-friedrich-nietzsche,Friedrich Nietzsche,Filosofía,0,0,Sin categoría erótica ni obra +18 identificada en los metadatos.
68ae7580-f56d-4314-a848-5909dccfbf45,Socialismo y ciencia positiva (Darwin-Spencer-Marx),socialismo-y-ciencia-positiva-enrico-ferri,Enrico Ferri,Sociedad Y Ciencias Sociales,0,0,Sin categoría erótica ni obra +18 identificada en los metadatos.
f1902ced-7ddd-4e7a-99b7-ee2c2c7e2956,Sócrates y la tragedia,socrates-y-la-tragedia-friedrich-nietzsche,Friedrich Nietzsche,Filosofía,0,0,Sin categoría erótica ni obra +18 identificada en los metadatos.
cb2d209a-7c32-4be8-980c-44c4d18fa5d9,Sofista,sofista-platon,Platón,Filosofía,0,0,Sin categoría erótica ni obra +18 identificada en los metadatos.
6b3527cb-ccb6-4c26-8e89-3817be88d592,Soledades,soledades-luis-de-gongora,Luis de Góngora,Poesía,0,0,Sin categoría erótica ni obra +18 identificada en los metadatos.
5f1d2215-0286-4a73-b8a8-97f07101087e,"Soledades, Galerías y Otros Poemas",soledades-galerias-y-otros-poemas-machado-antonio,Antonio Machado,Poesía,0,0,Sin categoría erótica ni obra +18 identificada en los metadatos.
4b7b94da-a204-4206-9e66-5cc4d45a0359,Solomon Kane,solomon-kane-robert-e-howard,Robert E Howard,Acción y aventura,0,0,Sin categoría erótica ni obra +18 identificada en los metadatos.
50249ae9-f91d-4826-b292-b6c1c31600ac,Sonata de estío,sonata-de-estio-ramon-maria-del-valle-inclan,Ramón María del Valle-Inclán,Ficción contemporánea,0,0,Sin categoría erótica ni obra +18 identificada en los metadatos.
fcd773d4-d11b-4ab7-9958-583c3b59d40f,Sonata de invierno,sonata-de-invierno-ramon-maria-del-valle-inclan,Ramón María del Valle-Inclán,Ficción contemporánea,0,0,Sin categoría erótica ni obra +18 identificada en los metadatos.
7011bc44-0d1a-4bb2-88f0-1c8efb0f3f0f,Sonata de otoño,sonata-de-otono-ramon-maria-del-valle-inclan,Ramon María del Valle Inclán,Ficción contemporánea,0,0,Sin categoría erótica ni obra +18 identificada en los metadatos.
09e41546-6590-4ceb-892f-08178d18b1b9,Sonata de primavera,sonata-de-primavera-ramon-maria-del-valle-inclan,Ramon María del Valle Inclán,Ficción contemporánea,0,0,Sin categoría erótica ni obra +18 identificada en los metadatos.
68b905c9-1df1-4e24-9fcb-8077df705eaf,Sonetos,sonetos-sor-juana-ines-de-la-cruz,Sor Juana Inés de la Cruz,Poesía,0,0,Sin categoría erótica ni obra +18 identificada en los metadatos.
24783234-a68f-46a8-a872-74982496ed45,Sonetos del Amor Oscuro,sonetos-del-amor-oscuro-garcia-lorca-federico,Federico García Lorca,Poesía,0,0,Sin categoría erótica ni obra +18 identificada en los metadatos.
4caf17d3-cab3-4ef5-aba0-ee61256b53ea,Sónnica la cortesana,sonnica-la-cortesana-vicente-blasco-ibanez,Vicente Blasco Ibáñez,Ficción clásica,0,0,Sin categoría erótica ni obra +18 identificada en los metadatos.
a2a5cb19-2192-427c-a43d-e6127d60e7e2,Su último saludo en el escenario,su-ultimo-saludo-en-el-escenario-conan-doyle-arthur,Arthur Conan Doyle,Novela corta,0,0,Sin categoría erótica ni obra +18 identificada en los metadatos.
cf8a9895-b526-4c13-83f5-9c701c08b223,Su único hijo,su-unico-hijo-alas-clarin-leopoldo,Leopoldo Alas Clarín,Ficción clásica,0,0,Sin categoría erótica ni obra +18 identificada en los metadatos.
48d0cc07-78c5-4214-b07e-b9e8469c4238,Sub Sole,sub-sole-baldomero-lillo,Baldomero Lillo,Cuentos,0,0,Sin categoría erótica ni obra +18 identificada en los metadatos.
cdc21096-d564-4cb4-b46d-b31f9c1018f2,Sub Sole,inamible-baldomero-lillo,Baldomero Lillo,Cuentos,0,0,Sin categoría erótica ni obra +18 identificada en los metadatos.
8c0237a8-91d4-43a7-ac7b-1070efbd9635,Sub Terra,sub-terra-baldomero-lillo,Baldomero Lillo,Cuentos,0,0,Sin categoría erótica ni obra +18 identificada en los metadatos.
4fd81266-fcbd-4974-a8cd-f97cdd3426c6,Sueños de invierno,suenos-de-invierno-francis-scott-fitzgerald,F. Scott Fitzgerald,Novela corta,0,0,Sin categoría erótica ni obra +18 identificada en los metadatos.
4cf3b9fd-0a4a-41e9-ad2a-540f35e53f00,Tabla de Esmeralda,tabla-de-esmeralda-hermes-trismegisto,Hermes Trimegisto,Filosofía,0,0,Sin categoría erótica ni obra +18 identificada en los metadatos.
53fe5d01-5316-45ea-926c-fb004a1d7556,Tao Te King,tao-te-king-tse-lao,Lao Tsé,Sociedad Y Ciencias Sociales,0,0,Sin categoría erótica ni obra +18 identificada en los metadatos.
eae5f1eb-4fc2-4785-9511-0e42fbe7cef4,Teatro crítico universal,teatro-critico-universal-benito-jeronimo-feijoo,Benito Jerónimo Feijoo,Ensayos,0,0,Sin categoría erótica ni obra +18 identificada en los metadatos.
90400105-326c-401e-8a82-a3915a333f66,Temor y temblor,temor-y-temblor-kierkegaard-soren,Søren Kierkegaard,Filosofía,0,0,Sin categoría erótica ni obra +18 identificada en los metadatos.
29e97fd5-39c3-4720-a523-3072e4477275,Teoría de la naturaleza,teoria-de-la-naturaleza-goethe-wolfgang-johann,Goethe,,0,0,Sin categoría erótica ni obra +18 identificada en los metadatos.
42ab4e0e-1ee2-44ed-9770-b6e355b2a1c6,Teresa,teresa-alas-clarin-leopoldo,Leopoldo Alas Clarín,Teatro,0,0,Sin categoría erótica ni obra +18 identificada en los metadatos.
6302f19a-a634-4810-8db4-fe56d8c350b2,Tesis sobre Feuerbach,tesis-sobre-feuerbach-marx-karl,Karl Marx,Filosofía,0,0,Sin categoría erótica ni obra +18 identificada en los metadatos.
1bd089e9-7d93-4e30-9496-26dc3c9e36f8,Testamento de los Doce Patriarcas,testamento-de-los-doce-patriarcas-anonimo,Anónimo,Religión,0,0,Sin categoría erótica ni obra +18 identificada en los metadatos.
5ad45524-57c5-42f0-a430-4da0c7947003,Testamento de Salomón,testamento-de-salomon-anonimo,Anónimo,Religión,0,0,Sin categoría erótica ni obra +18 identificada en los metadatos.
a680cc7d-5c72-4eec-8161-8233c22e08fd,Thanatopia,thanatopia-ruben-dario,Rubén Darío,Terror,0,0,Sin categoría erótica ni obra +18 identificada en los metadatos.
de368f5a-8212-493c-8cee-610f5adc70f7,Tierra de promisión,tierra-de-promision-jose-eustasio-rivera,José Eustasio Rivera,Poesía,0,0,Sin categoría erótica ni obra +18 identificada en los metadatos.
37737d3a-9185-4004-9e24-e8ee7100a63c,Tifón,tifon-joseph-conrad,Joseph Conrad,Novela corta,0,0,Sin categoría erótica ni obra +18 identificada en los metadatos.
f290f158-d7d8-4d4d-810e-b7251fd055e8,Tio Vanya,tio-vania-anton-chejov,Antón Chéjov,Teatro,0,0,Sin categoría erótica ni obra +18 identificada en los metadatos.
4958dd37-e95a-4037-9c82-d99d9a262403,Tirano Banderas: Novela de tierra caliente,tirano-banderas-ramon-maria-del-valle-inclan,Ramón del Valle Inclán,Ficción contemporánea,0,0,Sin categoría erótica ni obra +18 identificada en los metadatos.
719aafd9-762c-4516-8fd9-750430295091,Tirante el Blanco,tirante-el-blanco-joanot-martorell,Joanot Martorell,Ficción clásica,0,0,Sin categoría erótica ni obra +18 identificada en los metadatos.
0b672b2f-c8f4-4695-a052-389aa5f9451f,Tomás Gordeieff,tomas-gordeieff-maximo-gorki,Máximo Gorki,Ficción clásica,0,0,Sin categoría erótica ni obra +18 identificada en los metadatos.
3bc4f0af-4668-4791-a3c2-7f4cc9907a8c,Tormento,tormento-benito-perez-galdos,Benito Pérez Galdós,Novela corta,0,0,Sin categoría erótica ni obra +18 identificada en los metadatos.
bb0b0266-ef81-4e55-9cf9-a671eb622b04,Torquemada en el purgatorio,torquemada-en-el-purgatorio-benito-perez-galdos,Benito Pérez Galdós,Ficción clásica,0,0,Sin categoría erótica ni obra +18 identificada en los metadatos.
7a3c3d11-1046-4b45-b33e-86bdffce90e1,Torquemada en la cruz,torquemada-en-la-cruz-benito-perez-galdos,Benito Pérez Galdós,Ficción clásica,0,0,Sin categoría erótica ni obra +18 identificada en los metadatos.
45fa22a0-26b1-4b72-872e-a1739310adc6,Torquemada en la hoguera,torquemada-en-la-hoguera-benito-perez-galdos,Benito Pérez Galdós,Ficción contemporánea,0,0,Sin categoría erótica ni obra +18 identificada en los metadatos.
207b4357-193a-4c3b-b401-c0c502b1ceb4,Torquemada y San Pedro,torquemada-y-san-pedro-benito-perez-galdos,Benito Pérez Galdós,Ficción clásica,0,0,Sin categoría erótica ni obra +18 identificada en los metadatos.
2291095a-bd5b-4466-878a-01792fbbafed,Tótem y tabú,totem-y-tabu-sigmund-freud,Sigmund Freud,Psicología,0,0,Sin categoría erótica ni obra +18 identificada en los metadatos.
a5931ac7-d9b7-4672-8587-9181c8deff37,Trabajo asalariado y capital,trabajo-asalariado-y-capital-marx-karl,Karl Marx,Política,0,0,Sin categoría erótica ni obra +18 identificada en los metadatos.
f830bd09-85a1-4985-ac64-03135f22eeb1,Trabajos de amor perdidos,trabajos-de-amor-perdidos-shakespeare-william,William Shakespeare,Teatro,0,0,Sin categoría erótica ni obra +18 identificada en los metadatos.
aafe911d-0e24-4b56-a8b0-d88aef0d35b0,Tradiciones en Salsa Verde,tradiciones-en-salsa-verde-ricardo-palma,Ricardo Palma,Cuentos,0,0,Sin categoría erótica ni obra +18 identificada en los metadatos.
2253e101-e1a3-43a5-862d-3418796e0dea,Traducciones poéticas,la-hechicera-virgilio,Autor Desconocido,Poesía,0,0,Sin categoría erótica ni obra +18 identificada en los metadatos.
8bfcf2a8-dd0b-4d9d-9b52-9329dfc34748,Trafalgar,trafalgar-benito-perez-galdos,Benito Pérez Galdós,Ficción histórica,0,0,Sin categoría erótica ni obra +18 identificada en los metadatos.
62c2bc12-94d3-4f27-8447-390d85c3029f,"Traidor, inconfeso y martir",traidor-inconfeso-y-martir-zorrilla-jose,José Zorrilla,Teatro,0,0,Sin categoría erótica ni obra +18 identificada en los metadatos.
7f1bb389-10d8-4952-ab11-aba797e80bdd,Tratado de la pintura,tratado-de-la-pintura-leonardo-da-vinci,Leon Battista Alberti,"Arte, Cine Y Fotografía",0,0,Sin categoría erótica ni obra +18 identificada en los metadatos.
44b82c5b-7869-4fcc-8065-29cc4a2c3374,Tratado del amor de Dios,tratado-del-amor-de-dios-francisco-de-sales,San Francisco de Sales,Religión,0,0,Sin categoría erótica ni obra +18 identificada en los metadatos.
215dc1f8-5cc9-487c-8551-13659126df3f,Tratado sobre la tolerancia,tratado-sobre-la-tolerancia-voltaire,Voltaire,Ensayos,0,0,Sin categoría erótica ni obra +18 identificada en los metadatos.
3c8d7a47-3bd8-4be1-a9ab-a473b6f86bd9,Tratados morales,tratados-morales-seneca,Lucio Anneo Séneca,Filosofía,0,0,Sin categoría erótica ni obra +18 identificada en los metadatos.
311859d2-571b-4364-aeb9-9c4bb5011416,Tres cuentos,tres-cuentos-gustave-flaubert,Gustave Flaubert,Cuentos,0,0,Sin categoría erótica ni obra +18 identificada en los metadatos.
a25cfbc0-0878-4974-815c-791f3b432678,TRES CUENTOS,tres-cuentos-unamuno-miguel,Miguel de Unamuno,Novela corta,0,0,Sin categoría erótica ni obra +18 identificada en los metadatos.
080d3300-66bc-4f9f-8589-c7a89755a432,Tres Novelas Ejemplares y un Prólogo,tres-novelas-ejemplares-y-un-prologo-unamuno-miguel,Miguel de Unamuno,Novela corta,0,0,Sin categoría erótica ni obra +18 identificada en los metadatos.
fa3fd421-b0db-4404-9815-7899c6a52ee2,Trilce,trilce-cesar-vallejo,César Vallejo,Poesía,0,0,Sin categoría erótica ni obra +18 identificada en los metadatos.
9233649f-4a62-49d1-a6a6-7448299e4d62,Tristán e Isolda,tristan-e-isolda-anonimo,Anónimo,"Mitos, leyendas y sagas",0,0,Sin categoría erótica ni obra +18 identificada en los metadatos.
95ca2f5c-71aa-4350-b2f5-76e6f15bf19c,Tristana,tristana-benito-perez-galdos,Benito Pérez Galdós,Novela corta,0,0,Sin categoría erótica ni obra +18 identificada en los metadatos.
a0bd9604-b6b3-4895-8e07-19dc969149d3,Tristes,tristes-ovidio,Ovidio,Poesía,0,0,Sin categoría erótica ni obra +18 identificada en los metadatos.
eadca30c-b979-44d4-9db7-a57fe1a9863d,Triunfar muriendo,triunfar-muriendo-calderon-de-la-barca-pedro,Pedro Calderón de la Barca,Teatro,0,0,Sin categoría erótica ni obra +18 identificada en los metadatos.
cbc38ba8-f7b5-4d0a-ba95-be8ccc3c50fc,Un artista del hambre,un-artista-del-hambre-kafka-franz,Franz Kafka,Cuentos,0,0,Sin categoría erótica ni obra +18 identificada en los metadatos.
8d579b37-161d-422b-9599-5dba968160eb,Un artista del trapecio,un-artista-del-trapecio-kafka-franz,Franz Kafka,Cuentos,0,0,Sin categoría erótica ni obra +18 identificada en los metadatos.
dd567cc5-a488-478d-8894-3a09078324d5,Un asesinato,un-asesinato-anton-chejov,Antón Chéjov,Cuentos,0,0,Sin categoría erótica ni obra +18 identificada en los metadatos.
2de808ca-b576-4acd-a70c-ff1987f24ba5,Un buen bistec,un-buen-bistec-jack-london,Jack London,Cuentos,0,0,Sin categoría erótica ni obra +18 identificada en los metadatos.
ba4eb2c7-055d-49a3-b419-14142ff54089,Un camino a la luz de la luna,un-camino-a-la-luz-de-la-luna-bierce-ambrose,Ambrose Bierce,Cuentos,0,0,Sin categoría erótica ni obra +18 identificada en los metadatos.
566ed7ea-d3fd-4c04-aa1d-51da0f362558,Un caso de identidad,un-caso-de-identidad-conan-doyle-arthur,Arthur Conan Doyle,Novela corta,0,0,Sin categoría erótica ni obra +18 identificada en los metadatos.
570d09b5-2e24-4045-be0b-52454bfb6720,Un corazón sencillo,un-corazon-sencillo-gustave-flaubert,Gustave Flaubert,Cuentos,0,0,Sin categoría erótica ni obra +18 identificada en los metadatos.
cd7433fc-0181-4b3b-884b-826b7c14cb7f,Un descenso al Maelström,un-descenso-al-maelstrom-allan-poe-edgar,Edgar Allan Poe,Terror,0,0,Sin categoría erótica ni obra +18 identificada en los metadatos.
aadd6e0c-861d-469f-9b2b-52a5920f13cf,Un descubrimiento prodigioso,un-descubrimiento-prodigioso-verne-julio,Julio Verne,Novela corta,0,0,Sin categoría erótica ni obra +18 identificada en los metadatos.
809378a2-e2b0-4f25-871d-cdead9c58dcd,Un destripador de antaño,un-destripador-de-antano-pardo-bazan-emilia,Emilia Pardo Bazán,Cuentos,0,0,Sin categoría erótica ni obra +18 identificada en los metadatos.
bdbc2549-6288-423d-85d0-730604bf3092,Un discurso,un-discurso-alas-clarin-leopoldo,Leopoldo Alas Clarín,Novela corta,0,0,Sin categoría erótica ni obra +18 identificada en los metadatos.
ee02a454-bd1a-4563-bd93-48d3504b3dfa,Un drama en Livonia,un-drama-en-livonia-verne-julio,Julio Verne,"Policíaca, negra y suspense",0,0,Sin categoría erótica ni obra +18 identificada en los metadatos.
affe7ce6-82ba-4520-b21f-23d4a9dcb8c8,Un drama en los aires,un-drama-en-los-aires-verne-julio,Julio Verne,Ciencia ficción,0,0,Sin categoría erótica ni obra +18 identificada en los metadatos.
3ae21d81-42c8-4821-a76c-3d1c036a605e,Un drama en México,un-drama-en-mexico-verne-julio,Julio Verne,Ficción histórica,0,0,Sin categoría erótica ni obra +18 identificada en los metadatos.
4eef170f-791e-43ff-8b79-0fa7b9184e30,Un encuentro,un-encuentro-james-joyce,James Joyce,Cuentos,0,0,Sin categoría erótica ni obra +18 identificada en los metadatos.
5470fcf6-e04a-426f-91ec-589c9f5e9ca3,Un escándalo en bohemia,un-escandalo-en-bohemia-conan-doyle-arthur,Arthur Conan Doyle,"Policíaca, negra y suspense",0,0,Sin categoría erótica ni obra +18 identificada en los metadatos.
1bc0284e-54a0-46cd-8394-6843d7b3f72e,Un faccioso más y algunos frailes menos,un-faccioso-mas-y-algunos-frailes-menos-benito-perez-galdos,B. Pérez Galdós,Ficción histórica,0,0,Sin categoría erótica ni obra +18 identificada en los metadatos.
691d554e-6e9a-4136-ba89-6929499425e5,Un Fenómeno Inexplicable,un-fenomeno-inexplicable-leopoldo-lugones,Leopoldo Lugones,Cuentos,0,0,Sin categoría erótica ni obra +18 identificada en los metadatos.
7d0e678b-e93a-440d-a21c-6b422a30bd6c,Un Hombre Enfundado,un-hombre-enfundado-anton-chejov,Anton Pavlovich Chejov,Cuentos,0,0,Sin categoría erótica ni obra +18 identificada en los metadatos.
aad66c4e-212e-45cd-9e70-65966bfeb8b5,Un Hombre Irascible,un-hombre-irascible-anton-chejov,Anton Pavlovich Chejov,Cuentos,0,0,Sin categoría erótica ni obra +18 identificada en los metadatos.
268e25a4-bcfe-4b78-b5cc-654d1ae82462,Un jinete por el cielo,un-jinete-por-el-cielo-bierce-ambrose,Ambrose Bierce,Acción y aventura,0,0,Sin categoría erótica ni obra +18 identificada en los metadatos.
6930ad9f-dc41-4495-84bf-5b5e1847c168,Un jornalero,un-jornalero-alas-clarin-leopoldo,Leopoldo Alas Clarín,Cuentos,0,0,Sin categoría erótica ni obra +18 identificada en los metadatos.
848b3ea3-f0fe-4c21-a614-01b4b9f97e7b,Un marido ideal,un-marido-ideal-wilde-oscar,Oscar Wilde,Teatro,0,0,Sin categoría erótica ni obra +18 identificada en los metadatos.
ab488735-8979-43c4-9c4e-cef4ed25d868,Un médico rural,un-medico-rural-kafka-franz,Franz Kafka,Cuentos,0,0,Sin categoría erótica ni obra +18 identificada en los metadatos.
1a4c6eb2-af8a-42b6-b186-0336d046efd7,Un millar de muertes,un-millar-de-muertes-jack-london,Jack London,Cuentos,0,0,Sin categoría erótica ni obra +18 identificada en los metadatos.
fb4c5b8e-e22a-4f19-83bf-526f785640d5,"Un misterio, una muerte y un matrimonio",un-asesinato-un-misterio-y-un-matrimonio-mark-twain,Mark Twain,Cuentos,0,0,Sin categoría erótica ni obra +18 identificada en los metadatos.
5377f66a-02b6-4bf0-be13-9efca05f4590,Un Padre De Familia,un-padre-de-familia-anton-chejov,Anton Pavlovich Chejov,Cuentos,0,0,Sin categoría erótica ni obra +18 identificada en los metadatos.
88c81215-12a6-472f-b21c-ca7302197c17,Un par de medias de seda,un-par-de-medias-de-seda-kate-chopin,Kate Chopin,Cuentos,0,0,Sin categoría erótica ni obra +18 identificada en los metadatos.
f884d5f2-e42a-435f-b94c-2086d8be0b0b,Un perro marrón oscuro,un-perro-marron-oscuro-stephen-crane,Stephen Crane,Cuentos,0,0,Sin categoría erótica ni obra +18 identificada en los metadatos.
8a4edf62-5763-4f0e-99f4-3d489f8db6ad,Un recuerdo infantil de Leonardo Da Vinci,un-recuerdo-infantil-de-leonardo-da-vinci-sigmund-freud,Sigmund Freud,Sociedad Y Ciencias Sociales,0,0,Sin categoría erótica ni obra +18 identificada en los metadatos.
c9f10021-ee8c-4024-8bd2-82747f67c09d,Un repatriado,un-repatriado-alas-clarin-leopoldo,Leopoldo Alas Clarín,Cuentos,0,0,Sin categoría erótica ni obra +18 identificada en los metadatos.
e3713829-5987-4b39-a00b-01867364159e,Un Stradivarius,un-stradivarius-vicente-riva-palacio,Vicente Riva Palacio,Cuentos,0,0,Sin categoría erótica ni obra +18 identificada en los metadatos.
569775bf-6c46-4e78-8d78-a6ebac95116c,Un sueño,un-sueno-amado-nervo,Amado Nervo,Ficción contemporánea,0,0,Sin categoría erótica ni obra +18 identificada en los metadatos.
956b8033-fdad-43fd-969f-f9797cdbad4e,Un sueño en un sueño,un-sueno-en-un-sueno-allan-poe-edgar,Edgar Allan Poe,Poesía,0,0,Sin categoría erótica ni obra +18 identificada en los metadatos.
334e148d-2379-40ce-a3c2-bcc8c14b7913,Un sueño raro,un-sueno-raro-mark-twain,Mark Twain,Cuentos,0,0,Sin categoría erótica ni obra +18 identificada en los metadatos.
4d3f82b4-20c3-439f-bef5-88f0d811310b,Un triste caso,un-triste-caso-james-joyce,James Joyce,Acción y aventura,0,0,Sin categoría erótica ni obra +18 identificada en los metadatos.
9992e4c0-4cb1-45f9-860d-53b52cc72e5e,Un viaje a Madrid,un-viaje-a-madrid-alas-clarin-leopoldo,Leopoldo Alas Clarín,Novela corta,0,0,Sin categoría erótica ni obra +18 identificada en los metadatos.
f4bb6671-3816-4a52-be34-522955fd5614,Un viaje de novios,un-viaje-de-novios-pardo-bazan-emilia,Emilia Pardo Bazán,Ficción contemporánea,0,0,Sin categoría erótica ni obra +18 identificada en los metadatos.
34d35dda-44d6-44f1-9587-156bed24b988,Un Viaje De Novios,un-viaje-de-novios-anton-chejov,Anton Pavlovich Chejov,Cuentos,0,0,Sin categoría erótica ni obra +18 identificada en los metadatos.
351559af-34ad-4d42-a6c4-f93cdb845fc7,Un viejo verde,un-viejo-verde-alas-clarin-leopoldo,Leopoldo Alas Clarín,Cuentos,0,0,Sin categoría erótica ni obra +18 identificada en los metadatos.
47bbed14-dd22-4396-bcdd-2f9cf55e751d,Un voluntario realista: Episodios Nacionales,un-voluntario-realista-benito-perez-galdos,Benito Pérez Galdós,Ficción histórica,0,0,Sin categoría erótica ni obra +18 identificada en los metadatos.
42cff458-4239-4b2a-928c-3242c784d4a2,Una casa de granadas,una-casa-de-granadas-wilde-oscar,Oscar Wilde,Cuentos,0,0,Sin categoría erótica ni obra +18 identificada en los metadatos.
d91dd796-52c1-41f9-a88e-eda7ec0530a3,Una ciudad flotante,una-ciudad-flotante-verne-julio,Julio Verne,Acción y aventura,0,0,Sin categoría erótica ni obra +18 identificada en los metadatos.
755a5777-4bf5-47cd-b0dd-15810634e147,Una Cristiana,una-cristiana-pardo-bazan-emilia,condesa de Emilia Pardo Bazán,Ficción clásica,0,0,Sin categoría erótica ni obra +18 identificada en los metadatos.
918581e9-1b1f-4d68-b3d8-f67fb1227a77,Una dama de Redhorse,una-dama-de-redhorse-bierce-ambrose,Ambrose Bierce,Acción y aventura,0,0,Sin categoría erótica ni obra +18 identificada en los metadatos.
29f71815-7cbf-473a-9321-6677648cd1e9,Una escaramuza en los puestos de avanzada,una-escaramuza-en-los-puestos-de-avanzada-bierce-ambrose,Ambrose Bierce,Acción y aventura,0,0,Sin categoría erótica ni obra +18 identificada en los metadatos.
b8b35a3a-22c2-4a1c-b93f-1d97cba8e1b0,Una Estación de Amor,una-estacion-de-amor-horacio-quiroga,Horacio Quiroga,Cuentos,0,0,Sin categoría erótica ni obra +18 identificada en los metadatos.
e3efe812-fe11-4523-bf13-a4781d74aa23,Una habitación propia,una-habitacion-propia-woolf-virginia,Virginia Woolf,Novela corta,0,0,Sin categoría erótica ni obra +18 identificada en los metadatos.
c397f414-2539-4903-ab6d-61302ea95367,Una madre,una-madre-james-joyce,James Joyce,Cuentos,0,0,Sin categoría erótica ni obra +18 identificada en los metadatos.
68ee8d60-8320-43f4-bc77-4e42fe30adf8,Una mentira,una-mentira-amado-nervo,Amado Nervo,Ficción contemporánea,0,0,Sin categoría erótica ni obra +18 identificada en los metadatos.
174f20ca-77b9-4326-944b-c13e72dc92d9,Una modesta proposición,una-modesta-proposicion-jonathan-swift,Jonathan Swift,Cuentos,0,0,Sin categoría erótica ni obra +18 identificada en los metadatos.
b206ec42-db62-4e0e-9f39-d846cbfc8c44,Una mujer sin importancia,una-mujer-sin-importancia-wilde-oscar,Oscar Wilde,Teatro,0,0,Sin categoría erótica ni obra +18 identificada en los metadatos.
d34495ff-664d-4d3b-bc55-5d1836f26257,Una niña anticuada,una-nina-anticuada-alcott-louisa-may,Louisa May Alcott,Infantil Y Juvenil,0,0,Sin categoría erótica ni obra +18 identificada en los metadatos.
6426090e-7cd1-4fd0-9a8c-d24e2df9b5ba,Una nubecilla,una-nubecilla-james-joyce,James Joyce,Cuentos,0,0,Sin categoría erótica ni obra +18 identificada en los metadatos.
622597b3-5998-428d-9af5-eb9c1cf4ef2b,Una pelea dura,una-pelea-dura-bierce-ambrose,Ambrose Bierce,Acción y aventura,0,0,Sin categoría erótica ni obra +18 identificada en los metadatos.
c477dd2b-eb90-43bc-992a-dcb8a6220137,Una Pequenez,una-pequenez-anton-chejov,Anton Pavlovich Chejov,Cuentos,0,0,Sin categoría erótica ni obra +18 identificada en los metadatos.
dc32bebe-6139-4733-876b-79eef6251647,Una semblanza del Doctor Johnson,una-semblanza-del-doctor-johnson-h-p-lovecraft,H. P. Lovecraft,Terror,0,0,Sin categoría erótica ni obra +18 identificada en los metadatos.
559edb25-2bbf-455c-af7d-d17c76bb1768,Una tarde de domingo,una-tarde-de-domingo-roberto-arlt,Roberto Arlt,Cuentos,0,0,Sin categoría erótica ni obra +18 identificada en los metadatos.
c34e6974-7dcc-4297-ba8f-17f478ff6461,Una vida sin principios,una-vida-sin-principios-henry-david-thoreau,Henry David Thoreau,Ensayos,0,0,Sin categoría erótica ni obra +18 identificada en los metadatos.
e286cbca-7d30-447b-b2db-9f04bbc3ee27,Úrsula Mirouet,ursule-mirouet-balzac-honore-de,Honoré de Balzac,Ficción clásica,0,0,Sin categoría erótica ni obra +18 identificada en los metadatos.
e69f425d-96f0-4ec5-9c6b-0ee1cdf21b76,Vanka,vanka-anton-chejov,Anton Pavlovich Chejov,Cuentos,0,0,Sin categoría erótica ni obra +18 identificada en los metadatos.
5cc9bc66-f6cd-4ab9-9d38-a8453863358a,Varenka Olesova,varenka-olesova-maximo-gorki,Máximo Gorki,Cuentos,0,0,Sin categoría erótica ni obra +18 identificada en los metadatos.
bd83416f-51a3-4232-828b-3dd12b85d243,Vasilisa la bella,vasilisa-la-bella-aleksandr-afanasiev,Aleksandr Afanásiev,Cuentos,0,0,Sin categoría erótica ni obra +18 identificada en los metadatos.
dc704044-fc5a-4135-a329-b240784633ce,Vecinos,vecinos-anton-chejov,Anton Pavlovich Chejov,Cuentos,0,0,Sin categoría erótica ni obra +18 identificada en los metadatos.
d2454e8b-c230-49d2-88a3-4e27b7c65303,Veinte años después,veinte-anos-despues-alejandro-dumas-padre,Alejandro Dumas,Ficción clásica,0,0,Sin categoría erótica ni obra +18 identificada en los metadatos.
1176f7d5-c72a-482b-aa27-88bc8be01fde,Veinte Días en Génova,veinte-dias-en-genova-juan-bautista-alberdi,Juan Bautista Alberdi,Literatura de viaje,0,0,Sin categoría erótica ni obra +18 identificada en los metadatos.
1667f2f6-67f6-4374-a039-7e116a233237,Veinte mil leguas de viaje submarino,veinte-mil-leguas-de-viaje-submarino-verne-julio,Julio Verne,Acción y aventura,0,0,Sin categoría erótica ni obra +18 identificada en los metadatos.
697c3bf5-73b8-4caa-9b7e-7bfdf5939979,VERDAD Y VIDA,verdad-y-vida-unamuno-miguel,Miguel de Unamuno,Ensayos,0,0,Sin categoría erótica ni obra +18 identificada en los metadatos.
3181c5f9-0d01-4c2b-ac53-47664eafc6f2,Versos sencillos,versos-sencillos-jose-marti,José Martí,Poesía,0,0,Sin categoría erótica ni obra +18 identificada en los metadatos.
36a8cc3a-75f4-4203-abc2-754eb2f1aa4b,Viaje a la luna,viaje-a-la-luna-cyrano-de-bergerac,Cyrano de Bergerac,Ciencia ficción,0,0,Sin categoría erótica ni obra +18 identificada en los metadatos.
af2341f0-da49-4dd7-9aca-f1f2445bef22,Viaje a la luna,viaje-a-la-luna-garcia-lorca-federico,Federico García Lorca,"Arte, Cine Y Fotografía",0,0,Sin categoría erótica ni obra +18 identificada en los metadatos.
63813ddb-f547-4978-8630-fc40087dc323,Viaje al Centro de la Tierra,viaje-al-centro-de-la-tierra-verne-julio,Julio Verne,Ciencia ficción,0,0,Sin categoría erótica ni obra +18 identificada en los metadatos.
22a4f74f-05a0-4e3a-86f8-78f0c6c55b5d,Viaje alrededor de la luna,viaje-alrededor-de-la-luna-verne-julio,Julio Verne,Acción y aventura,0,0,Sin categoría erótica ni obra +18 identificada en los metadatos.
351546e2-9444-4187-90d7-8a904f302ce6,Viaje del Parnaso,viaje-del-parnaso-cervantes-miguel,Miguel de Cervantes Saavedra,Ficción clásica,0,0,Sin categoría erótica ni obra +18 identificada en los metadatos.
b9b74663-4550-4a90-9aaf-0ee4d55bfc4b,"Viajes, descripciones y otros ensayos",viajes-descripciones-y-otros-ensayos-juan-bautista-alberdi,Juan Bautista Alberdi,Literatura de viaje,0,0,Sin categoría erótica ni obra +18 identificada en los metadatos.
66176613-dce8-4caf-b6cc-d9979a177c1b,Vida de Don Quijote y Sancho,vida-de-don-quijote-y-sancho-unamuno-miguel,Miguel de Unamuno,Ficción contemporánea,0,0,Sin categoría erótica ni obra +18 identificada en los metadatos.
78cd4d26-f1df-4a97-83f0-00bca39c4034,Vida de Jesús,vida-de-jesus-ernest-renan,Ernest Renan,Ensayos,0,0,Sin categoría erótica ni obra +18 identificada en los metadatos.
e538f18b-d822-45db-b07c-8aaca0697e45,Vida de Julio Agrícola,vida-de-julio-agricola-cornelio-tacito,Tácito,Historia,0,0,Sin categoría erótica ni obra +18 identificada en los metadatos.
dae856de-ada6-467e-9ecf-1ef323387e42,Vida de la Virgen Maria,vida-de-la-virgen-maria-maria-de-jesus-de-agreda,María de Jesús de Ágreda,Religión,0,0,Sin categoría erótica ni obra +18 identificada en los metadatos.
1c84cc81-af9b-41c4-9212-b37175cd59e3,Vida De Lazarillo De Tormes Y De Sus Fortunas Y Adversidades,la-vida-de-lazarillo-de-tormes-anonimo,Anónimo,Ficción clásica,0,0,Sin categoría erótica ni obra +18 identificada en los metadatos.
2374e6dc-a66c-4e7d-a99e-98ffc090e280,Vida de Marco Bruto,vida-de-marco-bruto-de-quevedo-francisco,Francisco de Quevedo,"Biografías, Diarios Y Hechos Reales",0,0,Sin categoría erótica ni obra +18 identificada en los metadatos.
b11d2914-29cc-47d9-92e6-a6eda4da0866,Vida y Aventuras de Santa Claus,la-vida-y-las-aventuras-de-santa-claus-l-frank-baum,L. Frank Baum,Cuentos,0,0,Sin categoría erótica ni obra +18 identificada en los metadatos.
a410c2e3-7841-42e8-8289-8aac7a595145,Vidas de los doce césares,vidas-de-los-doce-cesares-suetonio,Suetonio,"Biografías, Diarios Y Hechos Reales",0,0,Sin categoría erótica ni obra +18 identificada en los metadatos.
f27ce867-cd4f-4039-9fad-f262450464e7,Vidas paralelas,vidas-paralelas-plutarco,Autor Desconocido,Historia,0,0,Sin categoría erótica ni obra +18 identificada en los metadatos.
64fe04bc-37b5-4280-b4a8-dccfe78a92e5,"Vidas, Opiniones y Sentencias de los Filósofos más Ilustres",vidas-de-filosofos-ilustres-diogenes-laercio,Diógenes Laercio,Filosofía,0,0,Sin categoría erótica ni obra +18 identificada en los metadatos.
04ae1869-6a83-4134-9a62-8935eeacd3d7,Viento del Pueblo,viento-del-pueblo-miguel-hernandez,Miguel Hernández,Poesía,0,0,Sin categoría erótica ni obra +18 identificada en los metadatos.
016bd2b3-af3a-43c2-ab22-ab577b2c5062,Vindicación de los derechos de la mujer,vindicacion-de-los-derechos-de-la-mujer-mary-wollstonecraft,Mary Wollstonecraft,Ensayos,0,0,Sin categoría erótica ni obra +18 identificada en los metadatos.
259bed34-b48c-44ab-a39f-2b4b07030838,Vivir loco y morir más,vivir-loco-y-morir-mas-zorrilla-jose,José Zorrilla,Teatro,0,0,Sin categoría erótica ni obra +18 identificada en los metadatos.
a6b26955-bd07-404a-bc14-5da32c296f0a,Vuelo nocturno,vuelo-nocturno-antoine-de-saint-exupery,Antoine de Saint-Exupéry,Novela corta,0,0,Sin categoría erótica ni obra +18 identificada en los metadatos.
407ee6ed-b9f3-4bd7-a9eb-527df7aa104d,Vuelva usted mañana,vuelva-usted-manana-mariano-jose-de-larra,Mariano José de Larra,Cuentos,0,0,Sin categoría erótica ni obra +18 identificada en los metadatos.
d20eab47-51bc-4e80-a7ff-a59a9c41eb5d,Walden o La Vida en los Bosques,walden-henry-david-thoreau,Henry David Thoreau,Ensayos,0,0,Sin categoría erótica ni obra +18 identificada en los metadatos.
b5fe9056-0147-46f5-8cc5-0781ab5d3158,William Wilson,william-wilson-allan-poe-edgar,Edgar Allan Poe,Cuentos,0,0,Sin categoría erótica ni obra +18 identificada en los metadatos.
72cd2fcd-477d-4eef-beca-19c94617ad62,Wolfert Webber o los Sueños Dorados,wolfert-webber-o-los-suenos-dorados-washington-irving,Washington Irving,Cuentos,0,0,Sin categoría erótica ni obra +18 identificada en los metadatos.
0090cddc-a742-46b1-8ca7-cddebaf54c64,Xaimaca,xaimaca-ricardo-guiraldes,Ricardo Güiraldes,Romántica,0,0,Sin categoría erótica ni obra +18 identificada en los metadatos.
918a2fce-9f9d-4e86-9f5b-e1f18be638a0,Yerba santa,yerba-santa-abraham-valdelomar,Abraham Valdelomar,Novela corta,0,0,Sin categoría erótica ni obra +18 identificada en los metadatos.
128708ce-9655-43af-883f-f837f8fc1e5e,Yerma,yerma-garcia-lorca-federico,Federico García Lorca,Teatro,0,0,Sin categoría erótica ni obra +18 identificada en los metadatos.
c4fc2e01-f8c2-4616-92c9-e8a288edce9a,Yzur,yzur-leopoldo-lugones,Leopoldo Lugones,Cuentos,0,0,Sin categoría erótica ni obra +18 identificada en los metadatos.
126fb42a-fec9-4715-a20a-6a07552c2e2c,Zadig o el Destino,zadig-o-el-destino-voltaire,Voltaire,Filosofía,0,0,Sin categoría erótica ni obra +18 identificada en los metadatos.
82404bec-88f5-4def-830a-a7d15404dc0f,Zaragoza,zaragoza-benito-perez-galdos,Benito Pérez Galdós,Ficción histórica,0,0,Sin categoría erótica ni obra +18 identificada en los metadatos.
968e31c0-d9f1-4b54-afcd-d6e999d30724,Zumalacárregui,zumalacarregui-benito-perez-galdos,Benito Pérez Galdós,Ficción histórica,0,0,Sin categoría erótica ni obra +18 identificada en los metadatos.
a568f74c-81ad-476a-b9b7-6183182632d1,Zurita,zurita-alas-clarin-leopoldo,Leopoldo Alas Clarín,Novela corta,0,0,Sin categoría erótica ni obra +18 identificada en los metadatos.
